term	set_size	overlap	pval	padj	n_genes_used	n_term_de_genes	score_col	term_genes	term_de_genes
Reactome::REACTOME_EUKARYOTIC_TRANSLATION_ELONGATION	90	33	3.6032449803890763e-10	1.8021209310559595e-06	90	33	term_score_00	EEF1A1;EEF1B2;EEF1D;EEF1G;EEF2;FAU;RPL10;RPL10A;RPL11;RPL12;RPL13;RPL13A;RPL14;RPL15;RPL17;RPL18;RPL18A;RPL19;RPL21;RPL22;RPL22L1;RPL23;RPL23A;RPL24;RPL26;RPL26L1;RPL27;RPL27A;RPL28;RPL29;RPL3;RPL30;RPL31;RPL32;RPL34;RPL35;RPL35A;RPL36;RPL36A;RPL36AL;RPL37;RPL37A;RPL38;RPL39;RPL39L;RPL4;RPL41;RPL5;RPL6;RPL7;RPL7A;RPL8;RPL9;RPLP0;RPLP1;RPLP2;RPS10;RPS11;RPS12;RPS13;RPS14;RPS15;RPS15A;RPS16;RPS17;RPS18;RPS19;RPS2;RPS20;RPS21;RPS23;RPS24;RPS25;RPS26;RPS27;RPS27A;RPS27L;RPS28;RPS29;RPS3;RPS3A;RPS4X;RPS4Y1;RPS5;RPS6;RPS7;RPS8;RPS9;RPSA;UBA52	EEF1A1;EEF1B2;EEF1G;RPL10;RPL13;RPL13A;RPL17;RPL21;RPL23A;RPL27A;RPL3;RPL30;RPL32;RPL34;RPL41;RPL5;RPL7;RPL9;RPLP2;RPS10;RPS12;RPS14;RPS17;RPS18;RPS2;RPS23;RPS25;RPS26;RPS27;RPS27A;RPS3;RPS3A;RPS6
Immune::GSE26495_NAIVE_VS_PD1HIGH_CD8_TCELL_UP	91	33	5.041602828524156e-10	1.8021209310559595e-06	91	33	term_score_01	ACTN1;ADPRM;AGBL2;AGMAT;APBB1;ATG9B;BDH1;BPHL;C17orf67;C3orf18;CCR7;CD248;CD55;CEP170;CEP41;CHCHD7;CHMP7;CLN5;DENND5A;EIF2D;EPB41L2;EPHA1;EPHA1-AS1;FAM117B;FAM184A;FAM216A;FLNB;FOXO1;FOXP1;HAPLN3;HSBP1L1;IGF1R;IL6R;IL6ST;IPCEF1;ITGA6;KLF7;KLHL6;LDLRAP1;LEF1;LMF1;LRRN3;MAL;MAML2;MAN1C1;MMEL1;MRRF;MYB;NAA16;NAT9;NDFIP1;NELL2;OBSCN;OXNAD1;PABPC3;PASK;PCSK5;PDCD4-AS1;PDK1;PIK3IP1;PKIA;PRKCA;RAB43;RFX2;RNF157;SCML1;SELL;SERP1;SFXN4;SFXN5;SH3YL1;SNED1;SPINT2;SREBF1;STRADB;SUSD3;TAF4B;TCEAL3;TCF3;TECPR1;THEM4;TOP1MT;TP73-AS1;TRABD2A;TSEN2;UBIAD1;UBQLN2;YPEL2;ZBTB10;ZNF496;ZNF93	CCR7;CD248;CD55;CEP170;CEP41;DENND5A;EPHA1;FAM117B;FLNB;FOXP1;IGF1R;LDLRAP1;LEF1;MAN1C1;MRRF;MYB;NAA16;NAT9;NELL2;OBSCN;OXNAD1;PASK;PIK3IP1;SCML1;SELL;SFXN5;SPINT2;TCEAL3;TCF3;TECPR1;TRABD2A;YPEL2;ZNF93
Immune::MATSUMIYA_PBMC_MODIFIED_VACCINIA_ANKARA_VACCINE_AGE_18_55YO_2DY_UP	39	20	1.0389027742752534e-09	2.4757053110979286e-06	39	20	term_score_02	ACP2;BCL2A1;BID;BST2;C3AR1;CARD16;CASP1;CCL3;CCL4;CD68;DNASE2;DRAM1;EIF2AK2;ICAM1;IFI27;IFI35;IFI44;IFI44L;IFI6;IFIH1;IFIT1;IFIT2;IFIT3;IFITM2;IFITM3;IRF9;ISG15;LGALS9;MX1;PARP9;PILRA;PSMB9;PYCARD;RSAD2;STAT1;TNF;TNFSF10;TYMP;XAF1	BID;C3AR1;CASP1;CCL3;CCL4;CD68;IFI27;IFI44;IFI44L;IFI6;IFIT1;IFIT2;IFIT3;IFITM3;ISG15;MX1;RSAD2;TNF;TNFSF10;XAF1
Reactome::REACTOME_CHEMOKINE_RECEPTORS_BIND_CHEMOKINES	19	13	7.63255984155515e-09	1.3641292576819443e-05	19	13	term_score_03	CCL28;CCL3;CCL3L3;CCL4;CCL5;CCR1;CCR2;CCR4;CCR5;CCR7;CCRL2;CX3CR1;CXCL13;CXCR3;CXCR4;CXCR5;CXCR6;XCL1;XCL2	CCL3;CCL3L3;CCL4;CCR2;CCR7;CCRL2;CX3CR1;CXCL13;CXCR4;CXCR5;CXCR6;XCL1;XCL2
Immune::ZAK_PBMC_MRKAD5_HIV_1_GAG_POL_NEF_AGE_20_50YO_1DY_DN	768	139	1.1182475879903956e-08	1.598870401308668e-05	768	139	term_score_04	AAK1;ABCB1;ABCC5;ABCD2;ABHD14A;ABHD14B;ABI2;ABLIM1;ACADSB;ACO1;ACP6;ACSL6;ACVR2A;ADAM28;ADK;ADNP;ADPRM;AGL;AGMAT;AGTPBP1;AHCTF1;AHNAK;AKR1B1;AKT3;ALDH18A1;ALDOC;AMY2B;ANAPC1;ANAPC15;ANAPC16;ANKH;ANKRD36B;ANKRD36C;ANP32B;ANXA6;AP3M2;APBA2;APBB1;APEX1;AQP3;ARHGAP12;ARHGAP15;ARHGAP5;ARHGEF9;ARID2;ARL4C;ATF7IP2;ATL2;ATM;ATP2B4;ATP8A1;ATP8B2;BACH2;BAG2;BBS2;BBS9;BCKDHB;BCL11B;BCL2;BDH1;BIN1;BMI1;BPTF;BRWD1;BTG1;BTLA;C12orf57;C12orf75;C14orf28;C1orf21;CA5B;CAD;CAMK1D;CAMK4;CAMLG;CARD11;CASD1;CASK;CASP6;CASP8AP2;CASS4;CBLB;CBX5;CBX7;CCDC7;CCL28;CCL5;CCNB1IP1;CCND2;CCNG1;CCNT1;CCR4;CCR7;CCSER2;CD160;CD2;CD200;CD200R1;CD244;CD247;CD248;CD27;CD28;CD3D;CD3E;CD3G;CD44;CD5;CD52;CD6;CD7;CD79A;CD79B;CD8A;CD8B;CD96;CDC14A;CDC14B;CDC25B;CDC42SE2;CDCA7L;CDK6;CDKN2AIP;CDR2;CENPV;CEP120;CEP128;CEP57;CEP68;CEP78;CEP95;CERK;CERS4;CHD3;CHMP7;CHRM3-AS2;CLEC2D;CLK4;CLSTN3;CMPK1;CNOT6L;COMMD6;COQ10A;COX11;CPSF6;CREBZF;CRIM1;CRIPT;CRTAM;CRTC3;CRY1;CRYL1;CSDE1;CSGALNACT1;CSNK1E;CST7;CTC1;CTSW;CXCR4;CXCR5;CYFIP2;CYP2R1;DCUN1D4;DDHD2;DDX3X;DDX6;DENND2D;DENND4C;DGKA;DHRS3;DIS3L;DLEU1;DLG1;DLGAP1-AS1;DNAJB1;DNAJC24;DOCK9;DPEP2;DPH5;DPP4;DTD2;DTHD1;DUSP16;DYRK2;EEF1A1;EEF1G;EEF2;EIF2D;EIF2S3;EIF3D;EIF3E;EIF3F;EIF3H;EIF3K;EIF3L;EIF3M;EIF4A2;EIF4B;EIF4EBP2;ELAC1;ELP2;EMB;ENO2;EOMES;EPB41L4A-AS1;EPHA4;EPHX2;ERGIC3;ERMP1;ERN1;ESYT1;ESYT2;ETS1;EVL;EXOC6B;EXOSC8;EZH1;FAHD2B;FAM107B;FAM168B;FAM169A;FAM172A;FAM219B;FBL;FBXL20;FBXO32;FCGBP;FCRL3;FCRL6;FGFBP2;FHIT;FLNB;FMNL3;FOCAD;FOXO1;FOXP1;FUT10;FYN;GABPB2;GCSAM;GID8;GLCCI1;GNG2;GNLY;GNPDA2;GOLPH3L;GPATCH11;GPR171;GPR174;GPX7;GRAP;GSTM2;GYPC;GZMA;GZMK;HABP4;HADH;HEATR5B;HECTD1;HERC1;HIBADH;HINT1;HIVEP2;HLA-DOA;HLA-DQA1;HLTF;HMGB1;HNRNPA3;HS3ST3B1;HSF2;IFFO2;IFT46;IGF1R;IGHM;IKZF2;IKZF3;IL16;IL18RAP;IL2RB;IL32;IL7R;IMPDH2;INPP4B;INTS6-AS1;IP6K1;IPO5;IPP;ITGA6;ITGB3BP;ITK;ITM2A;ITPKB;KAT6B;KCNA3;KCTD7;KDM3A;KIAA0586;KLF12;KLHDC2;KLHL28;KLRB1;KLRC2;KLRD1;KLRG1;KLRK1;KMT2A;KPNA4;LANCL1;LAT;LAX1;LBH;LCK;LCLAT1;LDHB;LDLRAP1;LDOC1;LEF1;LIAS;LIMA1;LINC00649;LINC00861;LRBA;LRIG1;LRPPRC;LRRN3;LTA4H;LTB;LUC7L3;LY9;LYRM7;MACF1;MAGED1;MAGEH1;MAL;MALAT1;MAML2;MAN1A2;MAP2K5;MAP3K14-AS1;MAP4K1;MAPK13;MATK;MBNL2;MDN1;METTL16;MFGE8;MFHAS1;MGAT4A;MGAT5;MIB1;MPHOSPH9;MPRIP;MRPL45;MRPL48;MRPS27;MRPS6;MS4A1;MSH2;MSI2;MTFMT;MYBL1;MZT2A;N4BP2;NAA16;NAA40;NAE1;NAP1L1;NCALD;NCAPD2;NCAPD3;NCK2;NDRG3;NDUFAF4;NELL2;NET1;NFATC2;NFATC3;NIPAL3;NKG7;NLRC3;NMT2;NMUR1;NOA1;NOL9;NPAT;NPM1;NR1D1;NR1D2;NSA2;NSG1;NT5DC1;NUCB2;NUCKS1;NUP88;OCIAD2;OFD1;OGT;OSBPL10;OTUD3;OXNAD1;P2RX5;P2RY10;PABPC1;PABPC4;PACS1;PAFAH2;PARP16;PBXIP1;PCED1B;PCID2;PCMTD2;PCYOX1;PDCD4;PDCD4-AS1;PDE3B;PDE4DIP;PDE7A;PDGFD;PDK1;PEBP1;PECR;PET117;PFDN5;PGM2L1;PHB2;PHLPP2;PIAS2;PIGK;PIK3C2B;PIK3IP1;PITPNC1;PLCG1;PLEKHA1;PLEKHB1;PLEKHF1;PLXDC1;PM20D2;PNRC1;POLA1;POLR1E;POLR2B;PPIA;PPWD1;PRDX2;PREPL;PRKACB;PRKCA;PRKCH;PRKCQ;PRKDC;PRPF8;PRPS1;PRRC2B;PRSS23;PSIP1;PTCH1;PTGDR;PTPN22;PTPN4;PYHIN1;RAB30;RAB39B;RALGAPA1;RAPGEF6;RASA2;RASA3;RASGRF2;RASGRP1;RBBP7;RBL1;RBL2;RBMX;RCAN3;RCL1;RCN2;RECK;REST;RFX7;RGCC;RHOF;RHOH;RNF125;RNF157;RORA;RPA1;RPL11;RPL12;RPL13;RPL15;RPL17;RPL18;RPL22;RPL23;RPL24;RPL26;RPL27A;RPL29;RPL3;RPL30;RPL32;RPL35;RPL35A;RPL37;RPL37A;RPL4;RPL5;RPL6;RPL8;RPLP0;RPLP1;RPLP2;RPPH1;RPS13;RPS14;RPS15;RPS15A;RPS16;RPS18;RPS19;RPS20;RPS21;RPS23;RPS29;RPS3;RPS4X;RPS4Y1;RPS5;RPS6;RPS6KA3;RRM1;RSL1D1;RSL24D1;S1PR1;SACS;SAMD3;SATB1;SBNO1;SCAI;SCARNA2;SCML4;SEL1L3;SEMA4C;SERINC5;SESN1;SESN3;SFMBT1;SFXN1;SH2D1A;SH2D1B;SH3YL1;SIDT1;SIRPG;SIT1;SKAP1;SLA2;SLAIN1;SLAMF6;SLC12A2;SLC16A1;SLC16A7;SLC38A1;SLC41A1;SLC4A7;SLC5A3;SLC7A6;SLFN13;SMIM8;SMYD3;SNHG8;SNRNP200;SNX25;SOD1;SORL1;SP4;SPATA5;SPECC1L;SPOCK2;SPTAN1;SPTBN1;SRPK2;SRSF5;SRSF8;SSBP2;ST13;ST3GAL1;ST6GAL1;ST6GALNAC6;STAT4;STK17A;STK39;STXBP5;SUN2;SVIP;SYNE1;SYNRG;TAF9B;TARBP1;TBC1D10A;TBC1D31;TBL1XR1;TC2N;TCEAL8;TCF7;TCP11L2;TDP1;TESPA1;TFDP2;TGFBR3;THEM4;THEMIS;THRA;TIGD1;TIGIT;TIMM8A;TMEM106C;TMEM116;TMEM14A;TMEM156;TMEM168;TMEM181;TMEM204;TMEM97;TNIK;TNRC6C;TOB1;TOP1MT;TOP2B;TOX;TRABD2A;TRAC;TRAF1;TRAF5;TRAPPC2;TRAT1;TRAV1-2;TRAV12-1;TRAV12-2;TRAV12-3;TRAV13-1;TRAV13-2;TRAV14DV4;TRAV16;TRAV17;TRAV19;TRAV2;TRAV20;TRAV21;TRAV22;TRAV24;TRAV25;TRAV26-1;TRAV26-2;TRAV29DV5;TRAV3;TRAV35;TRAV38-2DV8;TRAV4;TRAV5;TRAV8-2;TRAV8-6;TRAV9-2;TRBC2;TRBV10-1;TRBV11-2;TRBV19;TRBV2;TRBV20-1;TRBV27;TRBV28;TRBV3-1;TRBV4-2;TRBV5-1;TRBV5-4;TRBV5-6;TRBV6-1;TRBV6-5;TRBV9;TRDC;TRDV1;TRGC2;TRGV2;TRGV3;TRGV8;TRGV9;TRIB2;TRIM32;TRMT2B;TRMT61B;TSEN54;TSHZ1;TSPAN3;TSPYL2;TSTD1;TTC3;TTC39C;TXK;UBA2;UBA52;UBASH3A;UBE4B;UBR5;UBTF;UNC119B;URI1;USE1;USP13;USP20;USP34;USP53;UXT;VEGFB;VPS13A;VPS51;VWA8;WDR54;WDR89;WEE1;WWP1;XPOT;YEATS4;YPEL1;ZAP70;ZBED5-AS1;ZBTB25;ZBTB44;ZC3H6;ZDBF2;ZEB1;ZFAND1;ZFAS1;ZFP1;ZFP36L2;ZFP62;ZFP82;ZFP90;ZKSCAN3;ZKSCAN8;ZMAT3;ZMYND11;ZNF101;ZNF181;ZNF254;ZNF266;ZNF280D;ZNF286A;ZNF292;ZNF32;ZNF337;ZNF33B;ZNF383;ZNF395;ZNF420;ZNF43;ZNF486;ZNF506;ZNF507;ZNF559;ZNF585B;ZNF600;ZNF609;ZNF639;ZNF721;ZNF827;ZNF831;ZNF836;ZNF84;ZNF91;ZNHIT6	ABHD14A;ABI2;ABLIM1;ACVR2A;AKT3;ANAPC15;APBA2;ATM;BACH2;BMI1;BTG1;BTLA;CCR7;CD160;CD200;CD248;CD44;CDCA7L;CEP78;CHRM3-AS2;CLSTN3;CNOT6L;CRTAM;CXCR4;CXCR5;DGKA;DHRS3;DIS3L;DLGAP1-AS1;DPEP2;DTD2;EEF1A1;EEF1G;EPHA4;FAM169A;FBXO32;FCGBP;FCRL3;FCRL6;FGFBP2;FLNB;FOXP1;GNLY;HLA-DQA1;IGF1R;IL18RAP;IL7R;KLRB1;KLRC2;KLRK1;LDLRAP1;LDOC1;LEF1;LTB;MALAT1;MAP4K1;MFGE8;MGAT4A;MRPL48;MS4A1;MTFMT;MZT2A;NAA16;NELL2;NPAT;NR1D2;NT5DC1;OXNAD1;P2RX5;PABPC1;PARP16;PDCD4;PECR;PIK3IP1;PLXDC1;PRSS23;PTPN4;RALGAPA1;RASGRF2;RCAN3;RECK;REST;RGCC;RPL13;RPL17;RPL27A;RPL3;RPL30;RPL32;RPL5;RPLP2;RPPH1;RPS14;RPS18;RPS23;RPS3;RPS6;S1PR1;SACS;SATB1;SERINC5;SH2D1B;SLC38A1;SORL1;STAT4;TC2N;TCF7;TCP11L2;TFDP2;THRA;TNRC6C;TRABD2A;TRAV1-2;TRAV12-2;TRAV13-1;TRAV14DV4;TRAV16;TRAV19;TRAV21;TRAV24;TRAV29DV5;TRAV35;TRAV8-2;TRBV20-1;TRBV3-1;TRBV4-2;TRBV9;TRDC;TRDV1;TRGC2;TRGV2;TRGV3;TSPYL2;TSTD1;TTC3;TXK;WEE1;ZFP36L2;ZFP62
Immune::QUEREC_PBMC_YF_17D_VACCINE_AGE_18_45YO_3DY_UP	38	18	3.580816971624761e-08	2.8443622811272687e-05	38	18	term_score_05	C3AR1;CD38;DDX60;DDX60L;DHX58;EIF2AK2;HERC5;IFI27;IFI44;IFI44L;IFI6;IFIH1;IFIT1;IFIT2;IFIT3;IL10;IRF7;ISG15;LAMP3;LGALS3BP;MX1;MX2;OAS1;OAS2;OAS3;OASL;PARP12;PARP9;PLSCR1;PNPT1;RASA2;RSAD2;SAMD9;SAMD9L;STAT1;TRIM22;TRIM5;XAF1	C3AR1;DHX58;IFI27;IFI44;IFI44L;IFI6;IFIT1;IFIT2;IFIT3;IL10;ISG15;LAMP3;MX1;OAS1;OASL;PARP12;RSAD2;XAF1
GO_BP::GOBP_ADAPTIVE_IMMUNE_RESPONSE	360	76	6.130846393185019e-08	4.019638833419988e-05	360	76	term_score_06	ADA;ADAM17;ADCY7;AGER;AHR;AKIRIN2;ALCAM;ANXA1;ARG2;ARID5A;ATAD5;B2M;BACH2;BATF;BCL10;BCL3;BCL6;BTLA;BTN3A1;BTN3A2;BTN3A3;BTNL8;C1QBP;C1R;C1RL;CADM1;CAMK4;CCR2;CD160;CD226;CD244;CD247;CD27;CD274;CD28;CD3D;CD3E;CD3G;CD46;CD55;CD6;CD7;CD70;CD74;CD79A;CD79B;CD80;CD81;CD84;CD86;CD8A;CD8B;CLCF1;CLU;CRTAM;CSK;CTLA4;CTNNBL1;CTSC;CTSH;CTSS;CX3CR1;CXCL13;DBNL;DCLRE1C;DENND1B;DUSP10;DUSP22;EBAG9;EIF2AK4;ENTPD7;EOMES;ERAP1;ERAP2;ERCC1;EXO1;EXOSC3;EXOSC6;FADD;FBXO38;FCER1G;FCGR3A;FYN;GATA3;GNL1;GPR183;GZMM;HAVCR2;HLA-A;HLA-B;HLA-C;HLA-DMA;HLA-DMB;HLA-DOA;HLA-DPA1;HLA-DPB1;HLA-DQA1;HLA-DQA2;HLA-DQB1;HLA-DQB2;HLA-DRA;HLA-DRB1;HLA-DRB5;HLA-E;HLA-F;HLA-G;HMCES;HMGB1;HPRT1;HRAS;HSPD1;ICAM1;IFNG;IGHG1;IGHM;IGHV1-3;IGKC;IGLC3;IGLV2-14;IGLV2-8;IL10;IL12RB1;IL17RA;IL18BP;IL18R1;IL21R;IL27RA;IL2RB;IL4R;IL6R;IL6ST;IL7R;IL9R;INPP5D;IRF1;IRF4;IRF7;ITK;JAK1;JAK2;JAK3;JAM3;JUNB;KDM5D;KLHL6;KLRC1;KLRC2;KLRC4-KLRK1;KLRD1;KLRK1;LAG3;LAIR1;LAMP3;LAT;LAT2;LAX1;LEF1;LIG4;LILRB1;LILRB3;LIME1;LOXL3;LTA;LY9;LYN;MAD2L2;MALT1;MAP3K7;MCOLN1;MCOLN2;MICA;MICB;MLH1;MR1;MSH2;MSH6;MTOR;MYD88;MYO1G;NBN;NCKAP1L;NCR3LG1;NDFIP1;NFKB2;NFKBID;NFKBIZ;NLRP3;NOD2;NOTCH1;ORAI1;OTUB1;OTUD7B;P2RX7;PAG1;PARP3;PAXIP1;PDCD1;PIK3CD;PIK3CG;PKN1;PMS2;PPP3CB;PRDM1;PRF1;PRKCB;PRKCD;PRKCQ;PRKCZ;PRKD2;PRR7;PTK2B;PTPN6;PTPRC;PYCARD;RAB27A;RAP1GAP2;RC3H1;RC3H2;RELB;RFTN1;RIF1;RIPK2;RIPK3;RNF125;RNF168;RNF19B;RNF8;RORA;RSAD2;SAMSN1;SASH3;SEMA4A;SH2D1A;SH2D1B;SIPA1;SIRT1;SIT1;SKAP1;SLA2;SLAMF1;SLAMF6;SLAMF7;SLC15A4;SMAD7;SOCS3;SOCS5;SPN;STAT3;STAT4;STAT6;STX7;SUPT6H;TAP1;TAP2;TBX21;TCIRG1;TFE3;TFEB;TFRC;TGFB1;THEMIS;THOC1;TNF;TNFAIP3;TNFRSF14;TNFRSF1B;TNFSF13B;TNFSF4;TP53BP1;TRAC;TRAF2;TRAF3IP2;TRAF6;TRAT1;TRAV1-1;TRAV1-2;TRAV12-1;TRAV12-2;TRAV12-3;TRAV13-1;TRAV13-2;TRAV14DV4;TRAV16;TRAV17;TRAV19;TRAV2;TRAV20;TRAV21;TRAV22;TRAV24;TRAV25;TRAV26-1;TRAV26-2;TRAV29DV5;TRAV3;TRAV30;TRAV35;TRAV38-2DV8;TRAV4;TRAV5;TRAV8-2;TRAV8-3;TRAV8-4;TRAV8-6;TRAV9-2;TRBC2;TRBV10-1;TRBV11-2;TRBV19;TRBV2;TRBV20-1;TRBV27;TRBV28;TRBV29-1;TRBV3-1;TRBV4-1;TRBV4-2;TRBV5-1;TRBV5-4;TRBV5-5;TRBV5-6;TRBV6-1;TRBV6-5;TRBV6-6;TRBV6-7;TRBV6-8;TRBV7-3;TRBV7-4;TRBV7-6;TRBV7-7;TRBV9;TRDC;TRDV1;TREX1;TRGC1;TRGC2;TRGV1;TRGV10;TRGV2;TRGV3;TRGV4;TRGV5;TRGV8;TRGV9;TRIM27;TSC1;TXK;TYK2;ULBP1;ULBP2;UNC13D;UNG;WAS;XCL1;ZAP70;ZBTB1;ZBTB7B;ZC3H12A;ZNF683;ZP3	AGER;ANXA1;B2M;BACH2;BCL3;BTLA;C1R;CADM1;CCR2;CD160;CD274;CD55;CD80;CD81;CD84;CD86;CLU;CRTAM;CTLA4;CX3CR1;CXCL13;FBXO38;FCGR3A;GPR183;HLA-DQA1;HLA-DRA;IFNG;IGHG1;IL10;IL4R;IL7R;IRF4;JUNB;KLRC1;KLRC2;KLRK1;LAMP3;LEF1;LOXL3;P2RX7;PRF1;PTPRC;RSAD2;SH2D1B;STAT4;TNF;TRAV1-2;TRAV12-2;TRAV13-1;TRAV14DV4;TRAV16;TRAV19;TRAV21;TRAV24;TRAV29DV5;TRAV30;TRAV35;TRAV8-2;TRAV8-3;TRBV20-1;TRBV3-1;TRBV4-2;TRBV9;TRDC;TRDV1;TREX1;TRGC2;TRGV10;TRGV2;TRGV3;TRGV5;TXK;TYK2;ULBP2;XCL1;ZNF683
GO_BP::GOBP_REGULATION_OF_CELL_KILLING	69	25	6.474222034836027e-08	4.019638833419988e-05	69	25	term_score_07	AGER;AP1G1;ARRB2;B2M;BCL2L1;CADM1;CD160;CD226;CD55;CD59;CRK;CRTAM;CX3CR1;DNASE1;FADD;GFER;HAVCR2;HLA-A;HLA-B;HLA-C;HLA-DRA;HLA-DRB1;HLA-E;HLA-F;HLA-G;ICAM1;IFNG;IL10;IL12RB1;IL18RAP;IL7R;ITGAM;KIR2DL4;KLRB1;KLRC1;KLRC2;KLRC3;KLRC4;KLRC4-KLRK1;KLRD1;KLRK1;LAG3;LAMP1;LGALS9;LILRB1;MAPK8;MICA;MICB;MR1;NCKAP1L;NCR3;P2RX7;PPP3CB;PRF1;PTPRC;RASGRP1;RIPK3;SERPINB9;SH2D1A;SLAMF6;STAT5B;STX7;TAP2;TGFB1;TYROBP;ULBP1;ULBP2;VAV1;XCL1	AGER;B2M;CADM1;CD160;CD55;CRTAM;CX3CR1;DNASE1;HLA-DRA;IFNG;IL10;IL18RAP;IL7R;ITGAM;KIR2DL4;KLRB1;KLRC1;KLRC2;KLRK1;NCR3;P2RX7;PRF1;PTPRC;ULBP2;XCL1
Immune::GSE10325_CD4_TCELL_VS_LUPUS_CD4_TCELL_DN	156	42	6.747190656181264e-08	4.019638833419988e-05	156	42	term_score_08	AIM2;APOL1;ARG2;ARHGEF3;ARID5B;ATP6V1A;B3GNT2;BMP8B;C18orf25;C1orf21;CAPN2;CAPZA1;CASP1;CASP7;CCR1;CD200;CDC5L;CDCA3;CENPE;CEP97;CLUAP1;COPS4;CREM;CXCL13;DDX60;DHX58;DUSP4;EIF2AK2;EIF5A2;FABP5;FANCA;FAR2;FAS;FBXO22;FCGR3B;GADD45A;GBP1;GCH1;GSE1;HDAC9;HERC5;HERC6;HLA-B;HLA-DQA1;HNRNPD;ICA1;IFI16;IFI27;IFI30;IFI35;IFI44;IFI44L;IFI6;IFIH1;IFIT1;IFIT3;IFIT5;IFITM1;IFNG;IGKC;IL12RB2;IRF4;IRF7;ISG15;ISG20;KIAA0513;KIF18B;KIF4A;KLF10;KPNA3;LAG3;LAMP2;LAMP3;LAP3;LGALS3BP;LRP8;MAP3K7CL;ME2;MMD;MRPL42;MT1E;MT1F;MT1X;MT2A;MX1;MX2;MYD88;MYL6B;MYO7A;NMI;OAS1;OAS2;OAS3;OASL;PARP12;PCYT1A;PFKP;PHF11;PIAS2;PIK3R3;PLSCR1;PMAIP1;PPIF;PRPS2;PSMA6;PSMB9;PSME1;PSME2;PTPN2;PTPN22;PTTG1;RAB11FIP1;RALA;RASGRP3;RBCK1;REC8;RGS1;RPGRIP1L;RSAD2;RTP4;SAMD9;SAT1;SLC50A1;SNAPC3;SNRPG;SOCS1;SP100;SP110;SPATS2L;STAMBPL1;STAT1;SYT11;TAP1;TAPBP;TBK1;TFDP1;TMSB10;TNIP2;TOX;TRAFD1;TRIM21;TRIM22;TULP4;UAP1L1;UBB;UBC;UBE2L6;UBE2Q1;USP18;USP46;VANGL1;VRK2;WSB2;XAF1;YBX3;ZCCHC2	CASP1;CD200;CDCA3;CEP97;CLUAP1;CXCL13;DHX58;FANCA;FAR2;FBXO22;FCGR3B;GBP1;HLA-DQA1;ICA1;IFI27;IFI44;IFI44L;IFI6;IFIT1;IFIT3;IFNG;IRF4;ISG15;KIF4A;LAMP3;MT1E;MT1X;MT2A;MX1;OAS1;OASL;PARP12;PIK3R3;PMAIP1;PTPN2;PTTG1;RGS1;RSAD2;SAT1;UBB;XAF1;YBX3
Immune::GSE4984_UNTREATED_VS_GALECTIN1_TREATED_DC_DN	118	33	6.642682892936874e-07	0.0002793443529506218	118	33	term_score_09	ABLIM1;AGMAT;ALKBH2;APEX1;ARHGEF18;ATF7IP2;ATP6V0E2;BACH2;BDH1;BTLA;CD200;CD247;CD27;CD48;CD72;CD79A;CD79B;CD83;CDK4;CENPH;CENPV;CHMP7;COQ9;CREB3L4;CXCR5;CXXC1;CYB561A3;DGKA;DKC1;DPH2;DPP4;EIF3D;EIF3K;EIF4A2;EIF4E;EPHA1;ERMP1;ETS1;FARSB;FBXO5;FLNB;GCC2;GEMIN4;GIMAP5;GNPDA2;GRAP;GTF3A;HADH;HAUS5;HAX1;HMCES;HSP90AB1;HVCN1;ICOS;ID3;IGHM;IGKC;IL7R;IPO5;IVD;KLRB1;LDHB;LETMD1;LMAN1;MATN1-AS1;MRPL49;MS4A1;MZB1;NELL2;NOC4L;NOP2;OCIAD2;OSBPL10;OSTC;P2RX5;PBX4;PDE3B;PFAS;PHB2;PIK3C2B;PMEPA1;POU2AF1;PTPRK;QRSL1;RHOH;RPL21;RPL3;RPL9;RPLP0;RPS14;RPS3;RPS5;RPS6;RPSA;RTTN;SEL1L3;SLAMF1;SLC16A1;SLC7A6;SPDL1;SPON1;SPTBN1;SUSD3;TMEM161A;TNFRSF25;TRAF5;TRAP1;TSPYL2;TXK;UBE2D2;UQCC1;USP11;USP21;UTP20;WDR77;ZBTB5;ZNF85;ZSCAN22	ABLIM1;ARHGEF18;BACH2;BTLA;CD200;CENPH;COQ9;CXCR5;CXXC1;DGKA;DKC1;EPHA1;FLNB;ICOS;ID3;IL7R;IVD;KLRB1;MS4A1;NELL2;NOP2;P2RX5;PMEPA1;RPL21;RPL3;RPL9;RPS14;RPS3;RPS6;SPDL1;TSPYL2;TXK;ZNF85
Immune::GAUCHER_PBMC_YF_VAX_STAMARIL_UNKNOWN_AGE_10DY_UP	159	40	9.577273612521685e-07	0.0003636827184147528	159	40	term_score_10	ABCA1;ABI3;ACOT7;ACOT9;ACTA2;ADA;ADAR;AIM2;AP5B1;APOBEC3F;APOL3;ATF3;BLVRA;BST2;BTN3A1;CASP1;CCNB2;CCR1;CD38;CDC20;CDCA5;CDCA7;CENPM;CHMP5;CUL1;CX3CR1;CYSLTR1;DDX60;DHX58;DRAP1;DUSP5;EIF2AK2;EPSTI1;FAM8A1;FBXO6;GADD45B;GALM;GBP1;GBP2;GBP5;GCH1;GNGT2;HAVCR2;HELZ2;HERC5;HERC6;HLA-A;IDH2;IFI16;IFI27;IFI30;IFI35;IFI44;IFI44L;IFI6;IFIH1;IFIT1;IFIT2;IFIT3;IFIT5;IFITM1;IFITM3;IL15;IRF7;IRF9;ISG15;LAP3;LGALS3BP;LGALS9;LY6E;MAD2L1BP;MCM4;MICB;MOV10;MT1F;MT2A;MX1;MYL6B;NAGA;NAGK;NAPA;NCOA7;NME1;NMI;NPC2;NTNG2;NUB1;NUSAP1;OAS1;OAS2;OAS3;OASL;OSBPL5;OTOF;PARP10;PARP12;PARP14;PARP9;PCK2;PHF11;PHGDH;PLAC8;PLSCR1;PML;PRF1;PSME2;PTTG1;RAB8A;REC8;RGS12;RIPK3;RNF135;RSAD2;RTP4;SAMD9L;SAT1;SCARB2;SCO2;SDF2L1;SHISA5;SIL1;SLC27A3;SNTB1;SOCS1;SP110;SP140;SPATS2L;SRBD1;STAT1;STAT2;STMN1;TAP1;TAP2;TDRD7;TIMM10;TK1;TMEM123;TMEM140;TMEM62;TNFSF10;TOR1B;TRAFD1;TRIM21;TRIM22;TRIM38;TRIM5;TUBG1;TXNDC11;TXNDC5;TYMS;UBA7;UBE2C;UBE2L6;UBE2S;UHRF1;VAMP5;XAF1;ZBP1;ZC3HAV1	ATF3;CASP1;CCNB2;CDC20;CX3CR1;DHX58;GBP1;GNGT2;IFI27;IFI44;IFI44L;IFI6;IFIT1;IFIT2;IFIT3;IFITM3;IL15;ISG15;MOV10;MT2A;MX1;NCOA7;NPC2;OAS1;OASL;PARP12;PLAC8;PRF1;PTTG1;RNF135;RSAD2;SAT1;STMN1;TIMM10;TK1;TNFSF10;TYMS;UBE2C;XAF1;ZC3HAV1
Immune::GSE26495_NAIVE_VS_PD1LOW_CD8_TCELL_UP	99	29	1.1036714593644684e-06	0.0003945073631498292	99	29	term_score_11	ABCB8;ACTN1;ADPRM;AGBL2;AGMAT;ALDOC;APBB1;APEX1;ATG9B;BDH1;BPHL;CCDC141;CD248;CD9;CDCA7L;CHCHD7;CHMP7;COL6A3;COQ3;DDX31;DENND5A;EBPL;EPHA1;ERICH1;FAHD2A;FAM117B;FAM184A;FCGBP;FLNB;FOXO1;FOXP1;HAUS5;HLA-DOA;HSBP1L1;IGF1R;IKBKE;IL6ST;KLF7;LAMP3;LAYN;LDLRAP1;LEF1;LEPROTL1;LRRN3;MAL;MAN1C1;MMEL1;MRPS25;MTA3;NAA16;NAT9;NDFIP1;OBSCN;OXA1L;OXNAD1;PASK;PDCD4-AS1;PDK1;PIK3CD;PIK3IP1;PRKCA;PTPRK;RAB43;REPIN1;RFX2;RGS10;RMND5B;RPL14;RPL27;RPL5;SCARB1;SCML1;SERINC5;SFXN2;SFXN4;SLC12A6;SLC2A11;SLC8B1;SNED1;SPINT2;SREBF1;ST13;SUSD3;TACC3;TAF4B;TCF3;TECPR1;THYN1;TMEM243;TP73-AS1;TRABD2A;TSEN2;TYSND1;UBIAD1;USP20;YPEL2;ZNF496;ZNF844;ZWINT	CD248;CDCA7L;COQ3;DENND5A;EPHA1;FAHD2A;FAM117B;FCGBP;FLNB;FOXP1;IGF1R;LAMP3;LDLRAP1;LEF1;MAN1C1;NAA16;NAT9;OBSCN;OXNAD1;PASK;PIK3IP1;RPL5;SCML1;SERINC5;SPINT2;TCF3;TECPR1;TRABD2A;YPEL2
GO_BP::GOBP_BIOLOGICAL_PROCESS_INVOLVED_IN_INTERSPECIES_INTERACTION_BETWEEN_ORGANISMS	953	155	1.8623811348024374e-06	0.0005945599498894512	953	155	term_score_12	A2M;ABCA1;ABCD2;ABCF3;ABL1;ACP5;ACTA2;ACTG1;ACTR2;ACTR3;ADAM15;ADAM17;ADAM8;ADAM9;ADAR;ADARB1;ADH5;AGBL5;AHR;AIF1;AIM2;AIMP1;AKAP1;AKAP8;AKIRIN2;AKT1;ALAD;ALPK1;ALYREF;ANKHD1;ANKRD17;ANXA1;AP1G1;AP1S1;AP3B1;APOBEC3B;APOBEC3C;APOBEC3D;APOBEC3F;APOBEC3G;APOBEC3H;APOL1;APPL1;APPL2;ARF1;ARG2;ARHGEF2;ARID5A;ARL8B;ARMC5;ARRB2;ATAD3A;ATAT1;ATF2;ATG12;ATG16L1;ATG5;ATG7;ATP1B1;AUP1;AURKB;AZI2;B2M;BAK1;BANF1;BATF;BAX;BCL10;BCL2;BCL2L1;BCL3;BCR;BECN1;BIRC2;BIRC3;BNIP3;BNIP3L;BPGM;BRCC3;BSG;BST2;C1QBP;C1R;C1RL;CA5B;CACTIN;CADM1;CALCOCO2;CALM1;CALR;CAPN2;CARD16;CARD8;CASP1;CASP3;CASP4;CASP6;CASP7;CASP8;CASP9;CAV1;CBL;CCDC88B;CCDC92;CCL3;CCL3L3;CCL4;CCL5;CCNK;CCNT1;CCR4;CCR5;CCR7;CCT5;CD160;CD2;CD226;CD244;CD274;CD300A;CD46;CD47;CD55;CD58;CD6;CD68;CD74;CD80;CD81;CD84;CD86;CD96;CDC37;CDC42;CDC73;CDHR3;CDK1;CDK19;CDK4;CDK6;CDK9;CEBPB;CEBPG;CEP192;CEP63;CFL1;CHD1;CHD7;CHID1;CHMP1A;CHMP1B;CHMP2A;CHMP2B;CHMP3;CHMP4A;CHMP5;CHMP6;CHMP7;CHUK;CIITA;CLNK;CLPB;CLU;CMPK2;CNOT7;CNP;CNPY3;CORO1A;COTL1;CRCP;CREBBP;CREBZF;CRK;CRTAM;CSF1;CSNK1A1;CSNK2A1;CSNK2B;CTDP1;CTR9;CTSB;CTSS;CUBN;CX3CR1;CXCL13;CXCR4;CYBA;CYLD;DAB2IP;DAG1;DAPK3;DDB1;DDIT4;DDX1;DDX17;DDX21;DDX39B;DDX3X;DDX56;DDX60;DDX60L;DHX15;DHX16;DHX33;DHX36;DHX58;DHX9;DNAJC3;DPP4;DROSHA;DTX3L;DUS2;DUSP10;DYNLT1;ECSIT;EEA1;EEF1A1;EEF1G;EIF2AK2;EIF2AK4;EIF4E2;EIF5A;ELMOD2;EMILIN2;ENDOD1;ENO1;EP300;EPG5;EPS15;ERAP1;ESR1;EXOC1;EXOC2;EXOC7;EXOSC4;EXOSC5;F11R;F2R;FADD;FAM3A;FASLG;FASN;FAU;FBXO3;FBXO9;FCER1G;FCGR3A;FCRL3;FER;FGL2;FGR;FKBP5;FLNB;FLOT1;FLOT2;FMR1;FOS;FOSL2;FOXP1;FRK;FUCA2;FURIN;FYN;G3BP1;G3BP2;GAPDH;GATA3;GBF1;GBP1;GBP2;GBP3;GBP4;GBP5;GBP7;GCH1;GFER;GFI1;GIGYF2;GIT1;GNLY;GPAM;GPATCH3;GPR108;GPS2;GPX1;GRAMD4;GRN;GSDMB;GSDMD;GSN;GSTP1;GTF2F1;GZMA;GZMB;GZMH;GZMM;HADHB;HAVCR1;HAVCR2;HDAC1;HDAC2;HDAC4;HDAC5;HERC5;HERC6;HEXIM1;HIF1A;HK1;HLA-A;HLA-B;HLA-C;HLA-DPA1;HLA-DRB1;HLA-E;HLA-F;HLA-G;HMGB1;HMGB2;HMGB3;HMGN2;HNRNPA0;HNRNPUL1;HPGD;HRAS;HSF1;HSP90AA1;HSP90AB1;HSPA1A;HSPA1B;HSPA8;HSPB1;HSPD1;ICAM1;IDE;IER3;IFI16;IFI27;IFI35;IFI44;IFI44L;IFI6;IFIH1;IFIT1;IFIT2;IFIT3;IFIT5;IFITM1;IFITM2;IFITM3;IFNAR1;IFNAR2;IFNG;IFNGR1;IFNGR2;IFNLR1;IGF2R;IGHG1;IGHM;IKBKB;IKBKE;IKBKG;IKZF3;IL10;IL10RA;IL10RB;IL12RB1;IL12RB2;IL15;IL17RA;IL18BP;IL18RAP;IL1RAP;IL24;IL27RA;IL4R;IL6R;IL7R;ILF3;INPP5K;IPO5;IPO7;IRAK1;IRAK2;IRAK4;IRF1;IRF2;IRF3;IRF4;IRF5;IRF7;IRF8;IRF9;ISG15;ISG20;IST1;ITCH;ITGA2;ITGA5;ITGAM;ITGAV;ITGAX;ITGB1;ITGB7;ITGB8;IVNS1ABP;JAGN1;JAK1;JAK2;JAK3;JUN;KAT5;KIF5B;KIR2DL4;KIR3DL1;KLHL6;KLRB1;KLRC1;KLRC2;KLRC3;KLRC4;KLRC4-KLRK1;KLRD1;KLRG1;KLRK1;KPNA3;KRT8;LAG3;LAMP1;LAMP3;LAMTOR5;LCK;LDLR;LDOC1;LEAP2;LEF1;LGALS1;LGALS3;LGALS8;LGALS9;LIAS;LILRB1;LITAF;LRCH4;LRP8;LRRC14;LRSAM1;LSM14A;LSM5;LTA;LY6E;LY9;LYAR;LYN;LYST;LYZ;MALT1;MAP2K3;MAP2K6;MAP2K7;MAP3K14;MAP3K5;MAP3K7;MAP4K2;MAPK1;MAPK14;MAPK3;MAPK8;MAPKAPK2;MAPKAPK3;MAPKBP1;MARK4;MATR3;MAVS;MCOLN2;MECP2;MED1;METTL3;MFHAS1;MIAT;MICA;MICB;MIF;MLH1;MLKL;MORC3;MOV10;MR1;MS4A1;MSRB1;MTDH;MUL1;MX1;MX2;MYD88;MYO1C;N4BP1;NAGK;NAIP;NAPEPLD;NCBP1;NCF1;NCK1;NCR3;NCR3LG1;NDUFAF4;NEK7;NFE2L2;NFKB1;NFKB2;NFKBIA;NFKBIB;NFKBIL1;NFKBIZ;NINJ1;NKG7;NLRC3;NLRC5;NLRP1;NLRP2;NLRP3;NLRP6;NLRX1;NMB;NMI;NOD1;NOD2;NONO;NOTCH1;NOTCH2;NPC1;NPC2;NPLOC4;NR1D1;NR1H2;NR4A1;NT5C2;NT5C3A;NUB1;NUCKS1;NUGGC;NUP153;OAS1;OAS2;OAS3;OASL;OCIAD2;ODC1;OPTN;OTUD4;OTUD5;P2RX7;P4HB;PABPN1;PAF1;PAIP1;PAK1;PAK2;PARP1;PARP14;PARP9;PCBP2;PCK2;PDCD4;PDE12;PDE4B;PDPK1;PELI1;PHB2;PI4KA;PIK3AP1;PIK3C3;PIK3CD;PIK3CG;PIK3R1;PIKFYVE;PIM2;PJA2;PLA2G6;PLAA;PLAC8;PLCG2;PLEKHM2;PLSCR1;PMAIP1;PML;POLR3A;POLR3B;POLR3C;POLR3D;POLR3E;POLR3F;POLR3H;POLR3K;POU2AF1;POU2F2;PPARA;PPIA;PPIB;PPID;PPM1B;PPM1D;PPP1R11;PPP1R14B;PPP2CA;PPP2R3C;PPP6C;PQBP1;PRDM1;PRDX1;PRDX2;PRDX3;PRF1;PRKCA;PRKCD;PRKCE;PRKDC;PRKRA;PRPF8;PSMA2;PSMC3;PSPC1;PSTPIP1;PTGER2;PTGER4;PTPN1;PTPN11;PTPN2;PTPN22;PTPN6;PTPRC;PTPRS;PUM1;PUM2;PYCARD;PYHIN1;RAB11FIP2;RAB14;RAB1A;RAB27A;RAB2B;RAB43;RAB5A;RAB7A;RAB9A;RAF1;RARA;RASGRP1;RBBP9;RBCK1;RBM14;RBPJ;REL;RELA;RELB;REST;RFTN1;RGS1;RHOA;RIOK3;RIPK2;RIPK3;RNASEK;RNASEL;RNASET2;RNF125;RNF135;RNF166;RNF185;RNF19B;RNF213;RNF216;RNF26;RNF31;RNF5;ROCK2;ROMO1;RPL13A;RPL30;RPL39;RPS15A;RPS19;RPS6KA3;RPS6KB1;RPSA;RRP1B;RSAD2;RTN4;RTP4;SAMD9;SAMHD1;SAP30BP;SARM1;SBNO2;SCARB1;SCARB2;SEC14L1;SEH1L;SELPLG;SENP7;SERINC3;SERINC5;SERPINB9;SETD2;SFPQ;SH2D1A;SH2D1B;SHARPIN;SHC1;SHMT2;SHPK;SIGIRR;SIN3A;SIRT2;SIVA1;SKP2;SLAMF1;SLAMF6;SLAMF7;SLAMF8;SLC10A1;SLC15A4;SLC17A5;SLC1A5;SLC20A2;SLC22A5;SLC26A6;SLC30A1;SLC3A2;SLC52A2;SLC7A1;SLC7A5;SLC9A9;SLFN11;SLFN13;SMAD3;SMARCA4;SMARCB1;SMC5;SMC6;SMPD1;SNW1;SNX3;SOD2;SP1;SP100;SPN;SPON2;SRPK1;SRPK2;SRR;ST13;STAT1;STAT2;STAT5B;STMN1;STOM;STX4;STX8;STXBP3;STXBP4;SYNCRIP;SYT11;TAB2;TAB3;TAF11;TANK;TAP2;TARBP2;TARDBP;TAX1BP1;TBC1D20;TBK1;TBKBP1;TBX21;TFEB;TFRC;TGFB1;THOC1;THOC2;THOC3;THOC5;THOC6;THOC7;TICAM1;TIFA;TIRAP;TMED1;TMEM106A;TMEM126A;TMEM229B;TMEM33;TMEM41B;TMEM43;TMF1;TNF;TNFAIP3;TNFAIP8L2;TNFRSF14;TNFRSF1A;TNFRSF1B;TNFRSF4;TNFSF4;TNFSF8;TNIP1;TNIP2;TNIP3;TOLLIP;TP53;TPCN1;TPCN2;TPT1;TRAC;TRAF2;TRAF3;TRAF3IP1;TRAF3IP2;TRAF4;TRAF6;TRAFD1;TRAV1-1;TRAV1-2;TRAV13-1;TRAV13-2;TRAV17;TRAV20;TRAV21;TRAV24;TRAV25;TRAV26-1;TRAV26-2;TRAV30;TRAV35;TRAV4;TRAV5;TRDV1;TREX1;TRGV2;TRGV3;TRGV4;TRGV5;TRGV8;TRGV9;TRIB1;TRIM11;TRIM13;TRIM14;TRIM21;TRIM22;TRIM23;TRIM25;TRIM26;TRIM27;TRIM28;TRIM32;TRIM34;TRIM35;TRIM38;TRIM4;TRIM41;TRIM44;TRIM5;TRIM52;TRIM56;TRIM59;TRIM62;TRIM65;TRIM68;TRIM8;TSG101;TSPAN32;TSPO;TTC4;TTLL12;TUBB;TUBB4B;TUSC2;TXK;TYK2;TYROBP;UBA7;UBE2K;UBE2L6;UBE2N;UBE2W;UBL7;UBQLN1;ULBP1;ULBP2;UNC13D;UPF1;URI1;USP14;USP15;USP18;USP20;USP38;USP7;UVRAG;VAMP2;VAMP3;VAMP7;VAMP8;VAPA;VAV1;VCAM1;VIM;VPS18;VPS26B;VPS37B;VPS4A;VPS4B;WAS;WASL;WDFY1;WDR83;WIPF1;WIPI2;WRNIP1;WWP1;WWP2;XBP1;XCL1;XCL2;XIAP;XPR1;XRCC5;XRCC6;YES1;YTHDC2;YTHDF2;YTHDF3;YWHAZ;ZAP70;ZBED1;ZBP1;ZBTB1;ZC3H12A;ZC3HAV1;ZCCHC3;ZDHHC12;ZDHHC18;ZDHHC20;ZDHHC5;ZDHHC8;ZFP36;ZFYVE1;ZMPSTE24;ZMYND11;ZNF639;ZNF683;ZNFX1;ZNRF1;ZYX	ALYREF;ANXA1;ATG7;AURKB;B2M;BCL3;C1R;CADM1;CASP1;CAV1;CCL3;CCL3L3;CCL4;CCNK;CCR7;CD160;CD274;CD55;CD68;CD80;CD81;CD84;CD86;CEP63;CLU;CRTAM;CTSB;CX3CR1;CXCL13;CXCR4;DAG1;DDB1;DHX58;DUS2;ECSIT;EEF1A1;EEF1G;EXOSC4;FCGR3A;FCRL3;FLNB;FMR1;FOXP1;GBP1;GNLY;GSDMB;GZMB;HAVCR1;HMGB2;HNRNPUL1;HPGD;HSPA1A;HSPA1B;HSPB1;IFI27;IFI44;IFI44L;IFI6;IFIT1;IFIT2;IFIT3;IFITM3;IFNG;IFNGR2;IGHG1;IL10;IL15;IL18RAP;IL4R;IL7R;IPO7;IRF4;IRF8;ISG15;ITGAM;KIR2DL4;KIR3DL1;KLRB1;KLRC1;KLRC2;KLRK1;LAMP3;LDLR;LDOC1;LEF1;LGALS1;MOV10;MS4A1;MX1;NCR3;NPC2;NT5C2;OAS1;OASL;P2RX7;PABPN1;PDCD4;PIK3C3;PIK3R1;PIM2;PLA2G6;PLAC8;PMAIP1;PPARA;PRF1;PRKCE;PTGER2;PTPN2;PTPRC;RAB11FIP2;REST;RGS1;RNF135;RNF31;RPL13A;RPL30;RSAD2;SERINC5;SH2D1B;SLAMF8;SLC26A6;SLC9A9;SPON2;STMN1;STX8;TARBP2;THOC5;TIFA;TMEM126A;TNF;TNFAIP8L2;TNFRSF4;TRAV1-2;TRAV13-1;TRAV21;TRAV24;TRAV30;TRAV35;TRDV1;TREX1;TRGV2;TRGV3;TRGV5;TRIM25;TRIM68;TUBB;TXK;TYK2;ULBP2;USP7;VCAM1;XCL1;XCL2;ZC3HAV1;ZNF683
Immune::HOEK_NEUTROPHIL_2011_2012_TIV_ADULT_1DY_UP	23	12	1.9406602680250177e-06	0.0005945599498894512	23	12	term_score_13	APOL3;ATF3;CPT1B;DDX60;EGR2;EPSTI1;FANCL;GCH1;HLA-DMA;HLA-DMB;HLA-DRA;IFI44;IFI44L;MT2A;NXT2;OAS1;OAS2;OAS3;PRKX;RSAD2;SESTD1;SGPP1;XAF1	ATF3;CPT1B;EGR2;FANCL;HLA-DRA;IFI44;IFI44L;MT2A;OAS1;RSAD2;SESTD1;XAF1
Reactome::REACTOME_RRNA_PROCESSING	187	44	1.9960048674425552e-06	0.0005945599498894512	187	44	term_score_14	BMS1;BOP1;BYSL;C1D;CSNK1D;CSNK1E;DCAF13;DDX21;DDX47;DDX49;DDX52;DHX37;DIMT1;DIS3;DKC1;EBNA1BP2;ELAC2;EMG1;ERI1;EXOSC1;EXOSC10;EXOSC2;EXOSC3;EXOSC4;EXOSC5;EXOSC6;EXOSC7;EXOSC8;EXOSC9;FAU;FBL;FCF1;FTSJ3;GAR1;GNL3;HEATR1;HSD17B10;IMP3;IMP4;ISG20L2;KRR1;LAS1L;LTV1;MPHOSPH10;MPHOSPH6;MRM1;NAT10;NCL;NHP2;NIP7;NOB1;NOC4L;NOL11;NOL12;NOL6;NOL9;NOP10;NOP14;NOP2;NOP56;NOP58;NSUN4;PDCD11;PELP1;PES1;PNO1;PWP2;RBM28;RCL1;RIOK1;RIOK2;RIOK3;RPL10;RPL10A;RPL11;RPL12;RPL13;RPL13A;RPL14;RPL15;RPL17;RPL18;RPL18A;RPL19;RPL21;RPL22;RPL22L1;RPL23;RPL23A;RPL24;RPL26;RPL26L1;RPL27;RPL27A;RPL28;RPL29;RPL3;RPL30;RPL31;RPL32;RPL34;RPL35;RPL35A;RPL36;RPL36A;RPL36AL;RPL37;RPL37A;RPL38;RPL39;RPL39L;RPL4;RPL41;RPL5;RPL6;RPL7;RPL7A;RPL8;RPL9;RPLP0;RPLP1;RPLP2;RPP14;RPP21;RPP30;RPP38;RPS10;RPS11;RPS12;RPS13;RPS14;RPS15;RPS15A;RPS16;RPS17;RPS18;RPS19;RPS2;RPS20;RPS21;RPS23;RPS24;RPS25;RPS26;RPS27;RPS27A;RPS27L;RPS28;RPS29;RPS3;RPS3A;RPS4X;RPS4Y1;RPS5;RPS6;RPS7;RPS8;RPS9;RPSA;RRP1;RRP36;RRP7A;RRP9;TBL3;TEX10;TFB1M;THUMPD1;TRMT10C;TRMT112;TSR1;TSR3;UBA52;UTP14A;UTP14C;UTP15;UTP18;UTP20;UTP3;UTP6;WDR12;WDR18;WDR3;WDR36;WDR43;WDR46;WDR75;XRN2	DKC1;EMG1;EXOSC4;IMP4;NOP2;PELP1;RBM28;RPL10;RPL13;RPL13A;RPL17;RPL21;RPL23A;RPL27A;RPL3;RPL30;RPL32;RPL34;RPL41;RPL5;RPL7;RPL9;RPLP2;RPP21;RPP30;RPP38;RPS10;RPS12;RPS14;RPS17;RPS18;RPS2;RPS23;RPS25;RPS26;RPS27;RPS27A;RPS3;RPS3A;RPS6;UTP6;WDR12;WDR3;WDR43
GO_BP::GOBP_MACROPHAGE_ACTIVATION	52	19	2.115241540212438e-06	0.0006048744708391487	52	19	term_score_15	AGER;AIF1;ATM;CCL3;CD200;CD74;CD84;CLU;CRTC3;CST7;CTSC;CX3CR1;FCGR3A;FOXP1;GPR137B;GRN;HAVCR2;HSPD1;IFI35;IFNG;IFNGR1;IFNGR2;IL10;IL4R;ITGAM;ITGB2;JAK2;JMJD6;LDLR;MFHAS1;MIF;MYO18A;NMI;NR1D1;PJA2;PLCG2;PRKCE;PTPRC;RORA;SBNO2;SHPK;STK39;SYT11;THBS1;TICAM1;TMEM106A;TMEM229B;TNF;TNIP2;TREX1;TYROBP;ZC3H12A	AGER;ATM;CCL3;CD200;CD84;CLU;CX3CR1;FCGR3A;FOXP1;IFNG;IFNGR2;IL10;IL4R;ITGAM;LDLR;PRKCE;PTPRC;TNF;TREX1
Immune::CAO_BLOOD_FLUZONE_AGE_05_14YO_CORRELATED_WITH_H3N1_HI_TITER_1DY_POSITIVE	6	6	2.226151200457229e-06	0.0006121059589257205	6	6	term_score_16	GBP1;IFI44L;IFIT1;IFIT3;ISG15;OASL	GBP1;IFI44L;IFIT1;IFIT3;ISG15;OASL
Immune::GSE32986_GMCSF_VS_GMCSF_AND_CURDLAN_LOWDOSE_STIM_DC_DN	130	34	2.424180388955965e-06	0.0006418690963202293	130	34	term_score_17	ALMS1;ANGEL1;APBA2;ARHGEF1;ATP1A1;BCL2;BTBD9;CAMK1D;CASP10;CCDC180;CD55;CENPV;CHMP7;CUBN;CYB5D1;DDX31;DGKD;DHRS3;DHX58;DNAJB1;DNMT3A;DYNLT3;ENGASE;EPB41L4A-AS1;EPHA1;ERMN;FNBP4;FOXP1;GABBR1;GCDH;GCSAM;GPRASP1;HAUS5;IFIT1;IPCEF1;ITGA5;ITGA6;ITPKB;KANSL2;KAT6A;KLF12;KLF2;KPNA5;LDLRAP1;LEPROTL1;LETMD1;LFNG;MAML2;MAN1C1;MBNL1;MPP1;MPP7;MYLIP;NCK2;NFKBIZ;NOSIP;NPAT;NUAK2;OLFM2;OXNAD1;PCED1A;PDK1;PER2;PEX3;PHF1;PIAS1;PILRB;PLAC8;PLXDC1;POLI;PRKCA;PSMG4;RASA2;RASGRP2;RBM19;RBM8A;RBMS1;REV1;RGCC;RHBDD1;RIMKLB;RNF157;RPL30;RPL34;RPL37A;RPL5;RPL9;RPS20;RPS27A;RPS3A;RPS8;RYK;SBDS;SBF2;SCML1;SECISBP2;SH2D3A;SIN3B;SLC25A37;SLC38A6;SLC4A5;SNRK;SNRPA1;SPTBN1;SSH2;SULT1A1;SUPT3H;SVIL;TCF7;TGFBR2;TMEM182;TNFRSF10A;TOP1MT;TPCN1;TRMT13;TSC22D3;TTBK2;TTC27;TTN;TXK;WDR27;ZBTB20;ZBTB40;ZCCHC14;ZMAT1;ZMYND8;ZNF331;ZNF337;ZNF626;ZNF91	APBA2;ARHGEF1;CD55;DHRS3;DHX58;DNMT3A;EPHA1;FOXP1;GPRASP1;IFIT1;LDLRAP1;MAN1C1;MPP1;MPP7;NPAT;OXNAD1;PHF1;PLAC8;PLXDC1;RASGRP2;RGCC;RIMKLB;RPL30;RPL34;RPL5;RPL9;RPS27A;RPS3A;SCML1;SSH2;TCF7;TXK;ZBTB20;ZMAT1
Reactome::REACTOME_GPCR_LIGAND_BINDING	72	23	2.762883624033611e-06	0.0006810984492488373	72	23	term_score_18	ADORA2A;ADRB2;ANXA1;C3AR1;CCL28;CCL3;CCL3L3;CCL4;CCL5;CCR1;CCR2;CCR4;CCR5;CCR7;CCRL2;CD55;CX3CR1;CXCL13;CXCR3;CXCR4;CXCR5;CXCR6;CYSLTR1;ECE1;F2R;F2RL2;FZD3;FZD6;GABBR1;GIPR;GNAS;GNB1;GNB2;GNB4;GNB5;GNG10;GNG2;GNG4;GNG5;GNGT2;GPR132;GPR18;GPR183;GPR35;GPR65;GPR68;HEBP1;INSL3;LPAR2;LPAR5;LPAR6;LTB4R;LTB4R2;MC1R;NMB;NMUR1;P2RY10;P2RY11;POMC;PSAP;PTCH1;PTGDR;PTGER2;PTGER4;S1PR1;S1PR4;S1PR5;UTS2;WNT1;WNT10B;XCL1;XCL2	ANXA1;C3AR1;CCL3;CCL3L3;CCL4;CCR2;CCR7;CCRL2;CD55;CX3CR1;CXCL13;CXCR4;CXCR5;CXCR6;GNB4;GNG4;GNGT2;GPR183;INSL3;PTGER2;S1PR1;XCL1;XCL2
Immune::GSE2706_UNSTIM_VS_2H_LPS_AND_R848_DC_DN	131	34	2.920601150075336e-06	0.0006959792540629526	131	34	term_score_19	ACSL1;ADA;AFAP1L2;ARAP2;ARL5B;ATF3;BATF;BAZ1A;BID;BIRC3;BTG1;BTG2;BTG3;C17orf58;C2orf15;CCR7;CCRL2;CD274;CDKN1A;CFLAR;CHST7;CMPK2;CSRNP1;DAPP1;DCUN1D3;DDX3Y;DNAAF1;DNAJB4;DRAM1;DUSP1;DUSP2;DUSP5;EHD1;ERN1;ETV3;EZH2;GADD45A;GALNT3;GBP1;GEM;GPR132;GPR183;HERC6;HIVEP1;HS3ST3B1;ICAM1;IFI44;IFIH1;IFIT1;IFIT2;IFIT3;IL10RA;IL15;IL15RA;IL18RAP;INSIG1;IRF1;IRF7;IRF8;ISG15;ISG20;ITGB8;JUNB;KCNA3;KLF7;LAMP3;LDLR;LTA;LYRM1;MAP3K8;MARCKSL1;MASTL;MIR155HG;MT1E;NABP1;NAMPT;NFKB1;NFKBIA;NFKBIZ;NR4A2;NR4A3;NUP98;OASL;P2RX7;PELI1;PIM3;PLAUR;PLEKHA3;PLK3;PML;PPP1R15A;PTGER4;RAB21;RAB30;RAB3IP;RAPGEF2;RASGRP1;RASSF5;REL;RELB;RGS1;RILPL2;RIPK2;RSAD2;RTP4;SAMD9;SAR1A;SIAH2;SLAMF1;SLAMF7;SNHG15;SOCS3;SRF;STAT4;STX11;TMEM39A;TNFAIP3;TNFAIP8;TNFRSF4;TNIP1;TNIP2;TP53BP2;TRAF1;TTN;TUBB2A;USP12;ZBTB43;ZC3H12A;ZC3H12C;ZC3HAV1;ZNFX1	ATF3;BID;BTG1;BTG2;CCR7;CCRL2;CD274;DDX3Y;GBP1;GEM;GPR183;IFI44;IFIT1;IFIT2;IFIT3;IL15;IL18RAP;IRF8;ISG15;JUNB;LAMP3;LDLR;MIR155HG;MT1E;NR4A2;NR4A3;OASL;P2RX7;PLK3;RGS1;RSAD2;STAT4;TNFRSF4;ZC3HAV1
Immune::HOWARD_PBMC_INACT_MONOV_INFLUENZA_A_INDONESIA_05_2005_H5N1_AGE_19_39YO_AS03_ADJUVANT_VS_BUFFER_1DY_UP	160	39	3.0272534309824405e-06	0.0006978280468353118	160	39	term_score_20	ACSL1;ADAM9;ADAMTSL4;ADPRH;AIF1;AIM2;AK4;APOBEC3B;APOL1;APOL2;APOL3;APOL4;APOL6;ATF3;ATF5;ATP6V1B2;BACH1;BCL2A1;BCL3;BCL6;BEST1;BLVRA;C3AR1;CARD16;CASP1;CASP7;CCR1;CCR2;CCRL2;CD274;CD38;CDKN1A;CMPK2;CTSB;CTSS;DDX60;DPYD;DRAM1;DSE;DTX3L;DUSP1;DUSP3;DUSP6;EGR2;EGR3;EMILIN2;EPSTI1;ETV7;FAM157B;FAM72A;FBXO6;FCER1G;FGL2;FOS;GBP1;GBP2;GBP3;GBP4;GBP5;GCA;GCH1;GLUL;GM2A;GNB4;GNG10;GRINA;HERC5;HLA-DQB1-AS1;HSPA6;ICAM1;IFI30;IFI35;IFI44;IFI44L;IFI6;IFIH1;IFIT1;IFIT2;IFIT3;IFITM3;IFNGR2;IL15;IL15RA;IRF1;IRF7;ISG15;ITPRIPL2;JAK2;LAMP3;LAP3;LILRB1;LILRB3;LMNB1;LYN;LYZ;MCTP1;MEGF9;MIR22HG;MSRB1;MT2A;MTHFD2;MX1;NAMPT;NCF1;NLRP3;NMI;NOD2;NPC2;OAS1;OAS2;OAS3;OASL;ODF3B;P2RX7;PARP14;PARP9;PFKFB3;PKMYT1;PLEKHO1;PLSCR1;PLXNC1;PRRG4;PSMA4;PSMB9;PSME2;PSTPIP2;RASGEF1B;RGS1;RSAD2;RTP4;SAMD9L;SBNO2;SCARB2;SCO2;SECTM1;SLAMF8;SLC31A1;SMCO4;SNX10;SOCS3;SOD2;SRGN;STAT1;STAT2;STX11;TAP1;TMEM106A;TNFSF10;TNFSF13B;TRAFD1;TRIB1;TYMP;UBE2D1;UBE2L6;VAMP5;VDR;VRK2;XAF1;XKR8;ZEB2-AS1	AK4;ATF3;BCL3;C3AR1;CASP1;CCR2;CCRL2;CD274;CTSB;EGR2;GBP1;GLUL;GM2A;GNB4;IFI44;IFI44L;IFI6;IFIT1;IFIT2;IFIT3;IFITM3;IFNGR2;IL15;ISG15;LAMP3;MT2A;MTHFD2;MX1;NPC2;OAS1;OASL;P2RX7;PFKFB3;RASGEF1B;RGS1;RSAD2;SLAMF8;TNFSF10;XAF1
Immune::GSE36476_CTRL_VS_TSST_ACT_72H_MEMORY_CD4_TCELL_YOUNG_UP	172	41	3.123583368125609e-06	0.0006978280468353118	172	41	term_score_21	ADD3;AMT;ANXA1;APBA2;ARHGEF18;ARL4A;ARL4C;ATG14;ATP2B1;ATXN7;BTG2;CAPRIN2;CCDC59;CCNL1;CD300A;CD69;CDR2;CHD1;CIRBP;CITED2;CLK1;CLK4;CNOT2;COQ10B;CREBBP;CRTC3;CRY2;CXCR4;DAZAP2;DIDO1;DNAJB1;DNAJB9;DSTYK;DUSP1;DUSP2;DYRK1A;DYRK2;ELF2;ENTPD4;EPHA4;FAM13A;FBXO21;FCGRT;FNDC3A;FOS;FOSB;GOLGA4;GPR183;GPRASP1;GZMK;HAUS3;HECA;HLA-F;HLA-G;IFIT1;IFITM1;IFITM3;IL10RA;IL11RA;IL6R;IL7R;IRS2;ITGB2;ITPR3;JAM3;JUNB;KANSL2;KAT6B;KIAA0513;KLF2;KLF3;KLF6;KLF7;KLHL20;KLRB1;KLRG1;LEPROTL1;LINC00623;LONP2;LPIN1;MAPK1IP1L;MBIP;MBNL2;MED6;MGAT4A;MOAP1;MX2;MXI1;MYLIP;NAIP;NBPF10;NCK2;NDEL1;NKTR;NLRP3;NR4A2;NUP160;PBXIP1;PCMTD2;PDCD4-AS1;PELI1;PER1;PHC1;PIAS2;PIK3C2B;PIK3IP1;PIK3R1;PLCL2;PLK3;PNISR;PPP1CB;PRKCB;PTGER4;PTP4A1;PXN;RAB11FIP2;RABL3;RALGAPA1;RALGPS1;RAP1GAP2;RASGRP2;RGCC;RLF;RNASET2;RNF11;RNF44;RORA;RPL35A;RPL38;RPS27;SCML1;SEMA4C;SERINC5;SETD2;SGK1;SH2B3;SIGIRR;SIK1;SLC2A3;SMURF1;SORL1;STOM;TCTA;TIMP1;TIPARP;TMEM123;TMEM127;TMEM185B;TMEM41B;TMEM63A;TMX4;TNFAIP3;TNIK;TOB1;TSC22D1;TSC22D3;TSPYL1;TSPYL2;TSPYL4;TTC17;TXNIP;UBL3;USP3;USP34;UVRAG;VCPKMT;YPEL5;YTHDF3;ZFP36L2;ZNF136;ZNF331;ZNF639	ANXA1;APBA2;ARHGEF18;ATXN7;BTG2;CD69;CLK1;CNOT2;CXCR4;EPHA4;FOSB;GPR183;GPRASP1;HECA;IFIT1;IFITM3;IL7R;JUNB;KLRB1;MGAT4A;NR4A2;NUP160;PER1;PIK3IP1;PIK3R1;PLK3;PTP4A1;RAB11FIP2;RALGAPA1;RALGPS1;RASGRP2;RGCC;RPS27;SCML1;SERINC5;SIK1;SORL1;TMEM63A;TSPYL2;YPEL5;ZFP36L2
Reactome::REACTOME_SARS_COV_1_MODULATES_HOST_TRANSLATION_MACHINERY	36	15	3.752658547454902e-06	0.0008129623016895483	36	15	term_score_22	EEF1A1;FAU;HNRNPA1;RPS10;RPS11;RPS12;RPS13;RPS14;RPS15;RPS15A;RPS16;RPS17;RPS18;RPS19;RPS2;RPS20;RPS21;RPS23;RPS24;RPS25;RPS26;RPS27;RPS27A;RPS27L;RPS28;RPS29;RPS3;RPS3A;RPS4X;RPS4Y1;RPS5;RPS6;RPS7;RPS8;RPS9;RPSA	EEF1A1;RPS10;RPS12;RPS14;RPS17;RPS18;RPS2;RPS23;RPS25;RPS26;RPS27;RPS27A;RPS3;RPS3A;RPS6
Immune::GSE360_CTRL_VS_M_TUBERCULOSIS_DC_DN	128	33	4.7618384641728435e-06	0.000934155068173506	128	33	term_score_23	AASS;ACP2;ACSL1;ADA;ADRB2;AGRN;AK4;ANKRD12;ARL4A;ATF5;ATG4A;ATN1;ATP2A2;ATP6V1E1;AURKB;BRCA2;BST2;C3AR1;CASP1;CCL3;CCL4;CCR7;CD38;CD44;CD80;CD83;CHST7;CRLF3;CUL1;CYB5A;DLEC1;DNAJB1;DUSP5;DYNLL1;EHBP1;ELL2;EPOR;FCGR3B;FICD;FSCN1;GADD45A;GBP1;GBP2;GLUL;GNA12;GPD2;GSR;HSPA8;ICAM1;IER3;IFI44;IFI6;IFIT2;IFITM2;IFNG;IFRD1;IL10;IL2RG;IRF9;KRT86;L3MBTL1;LCP2;LDHA;LITAF;LRP8;LYN;MANF;MAP2K3;MCCC2;MFAP3;MSC;MT2A;NCALD;NDRG1;NFKBIA;NR4A3;OAS2;OMD;PARP2;PFKFB3;PLXNC1;PPARD;PSMA5;PTK2B;RASGRP1;RBMS1;RELB;RGS1;RNF19B;RUNX3;S100A11;SBNO2;SCARB2;SEC61B;SERPINH1;SIK3;SKI;SMURF2;SNTB2;SQSTM1;SRGN;SRSF2;SRSF3;SSB;STAT2;STAT3;STK4;STX11;SYMPK;TAPBP;TNFSF10;TNIK;TNIP1;TOM1;TRAF1;TRAFD1;TRIB1;TRIP4;TSFM;TUBB;TUBB2A;TXN;TYMP;VAMP5;WBP2;WIPI1;WTAP;ZNF785	AK4;AURKB;C3AR1;CASP1;CCL3;CCL4;CCR7;CD44;CD80;DLEC1;ELL2;FCGR3B;GBP1;GLUL;GSR;IFI44;IFI6;IFIT2;IFNG;IFRD1;IL10;KRT86;MFAP3;MT2A;NR4A3;PARP2;PFKFB3;RGS1;SRSF2;STK4;TNFSF10;TUBB;WIPI1
Immune::SCHERER_PBMC_APSV_WETVAX_AGE_18_32YO_5_TO_7DY_DN	157	38	4.8347653549335186e-06	0.000934155068173506	157	38	term_score_24	A2M;ABCC5;ABLIM1;ADH5;ADSL;AKR1B1;ALOX5AP;ARL4C;ATP2B4;AXIN1;B4GALT3;BIN1;C12orf57;CBLB;CBX7;CCDC107;CCL5;CCR7;CD2;CD3D;CD3G;CD79B;CD8A;CD8B;CD99;CDC25B;CHML;CRIP1;CYFIP2;DBF4;DCAF8;DEXI;DGKD;DGUOK;DHRS3;ECI2;EEF1B2;EI24;EIF2S1;ESYT1;F11R;FCGBP;FGFBP2;FLNB;FOXO1;GATA3;GRAP;GZMA;GZMB;GZMH;GZMK;GZMM;HADH;HINT1;HSPA4;ICAM3;IGHG1;IGKC;IL11RA;IL16;IL18R1;IL18RAP;IL24;IL7R;INPP4B;ITGAE;ITM2A;ITPKB;KAT6A;KCNN4;KIF22;KLRB1;KLRC2;KLRC3;KMT2A;LAT;LCK;LDHB;LLGL2;LTB;MAX;MDC1;MDN1;MRPS21;MS4A1;NAP1L4;NELL2;NR1D1;NSG1;OSER1;P2RX5;PASK;PCED1B;PDE3B;PEBP1;PELP1;PHF20;POC1B;PPP6C;PRKCH;PRKCQ;PUF60;RAB33A;RASGRP2;RGS14;RHOH;RPA2;RPL10A;RPL12;RPL13;RPL13A;RPL14;RPL23A;RPL35;RPL37;RPL9;RPS10;RPS15A;RPS16;RPS18;RPS21;RPS27;RPS28;RPS29;RPS3A;RPS4Y1;SAE1;SH2D1A;SKAP1;SLC38A1;SMPD1;SNRPN;SORL1;SPOCK2;SPTBN1;SRPK2;TAF7;TCF3;TCF7;TMC6;TNPO1;TPD52;TRAF3IP3;TSPAN4;TTC3;TTK;TXK;UBB;VARS2;WDR54;XIAP;ZAP70;ZNF211;ZNF266;ZNF496;ZNF526;ZNF692	ABLIM1;CCR7;DHRS3;EEF1B2;EIF2S1;FCGBP;FGFBP2;FLNB;GZMB;IGHG1;IL18RAP;IL7R;ITGAE;KLRB1;KLRC2;LTB;MS4A1;NELL2;P2RX5;PASK;PELP1;RASGRP2;RPL13;RPL13A;RPL23A;RPL9;RPS10;RPS18;RPS27;RPS3A;SLC38A1;SORL1;TCF3;TCF7;TTC3;TXK;UBB;ZNF692
Immune::GSE3565_CTRL_VS_LPS_INJECTED_DUSP1_KO_SPLENOCYTES_DN	134	34	5.028080886152876e-06	0.000945940796187024	134	34	term_score_25	ABCG1;ABLIM1;ACSF2;ACTN1;ADCK5;ADD3;AKAP13;ARHGAP9;CAPRIN1;CCDC28B;CCR7;CCT5;CD2AP;CERS6;CLASP2;CNST;CSNK1G1;DAG1;DGKA;DKC1;DNMT3A;DPH5;DUSP10;DUSP6;EEF1B2;EEF2;EGR2;EIF4A1;EIF4B;ENG;ETV3;FAM3C;FAM78A;FANCC;FCHSD2;FILIP1L;FOXO1;GGT1;GRAMD1A;GRK6;GTF2I;HDAC4;ID3;IDH2;IFNGR2;IFT80;IKBKE;IKZF1;IKZF2;INPP4B;INPP5F;IRS2;ITGAE;ITM2A;JMJD1C;KDM5A;KLHDC2;LBH;LEF1;LIPA;LRRC42;LTB;MAP4K2;MAP4K4;MARS2;MBD3;MDN1;MPP1;MTHFD1L;MTSS1;MYB;MYC;N4BP2;NLK;NPC2;NRIP1;PCBP1;PDK1;PELI1;PIK3C2A;PIK3IP1;PITPNM2;PLAC8;PLEKHG2;PLEKHO1;POLE2;PRKD2;PRPS2;RAB3IP;RAPGEF6;RHOH;RNF114;RPF2;RPL18;RPL28;RPL36A;RPS26;RPS6KA1;RRAS2;SATB1;SCMH1;SELL;SESN1;SH3PXD2A;SIDT1;SIPA1L1;SMC4;SNRK;SREBF2;SRM;SSBP2;ST6GAL1;ST8SIA1;STT3B;SYNCRIP;TBL1X;TCF7;TCP11L2;TET1;TFRC;TIMM9;TMEM131;TOP2B;TOX;TRERF1;TRIB2;TRIM25;TTC3;UBE4B;USP28;WDR26;WDR43;ZEB1;ZYG11B	ABLIM1;ACSF2;ADCK5;CCDC28B;CCR7;DAG1;DGKA;DKC1;DNMT3A;EEF1B2;EGR2;FILIP1L;GGT1;ID3;IFNGR2;ITGAE;LEF1;LTB;MPP1;MYB;NPC2;PIK3IP1;PLAC8;RPS26;SATB1;SELL;SMC4;SRM;TCF7;TCP11L2;TIMM9;TRIM25;TTC3;WDR43
Immune::GSE2405_0H_VS_24H_A_PHAGOCYTOPHILUM_STIM_NEUTROPHIL_UP	189	43	6.554260139471968e-06	0.0011714101434271275	189	43	term_score_26	ABRACL;ACSL5;ACTB;ACTG1;AEBP2;AKR1A1;ANP32B;ANXA2;APOBR;ARF6;ARPC2;ARPC3;ATP6V1C1;BACH2;BRK1;BTF3L4;C12orf57;CAPRIN1;CCT4;CD68;CHCHD2;CLU;COPZ1;CORO1A;COX5A;COX6A1;COX6B1;CSNK1A1;DAP;DAZAP2;DECR1;EEF1B2;EEF1G;EIF3E;EIF3H;EIF3I;EIF4B;EIF4G2;ESD;FABP5;FCER1G;FERMT3;FXYD5;GDI2;GHITM;GIMAP8;GYPC;HADHA;HCLS1;HINT1;HNRNPA3;HNRNPC;HNRNPDL;HNRNPF;HNRNPK;HSPA5;HSPA8;HSPE1;IFIH1;IFITM2;IRF4;ISG15;ITGB1BP1;ITM2C;KSR1;KXD1;LASP1;LCK;LIMD2;LY9;MAP1LC3A;MFF;MORF4L1;MRFAP1L1;MYL6;NDUFA1;NDUFC2;NDUFS5;NPC2;NPM1;NTAN1;NUP210;OAS2;OAZ1;PDHB;PDLIM1;PHYH;PIM2;PPIA;PPP1CC;PRDX1;PRDX5;PSMA1;PSMB10;PSMB4;PSMD4;PSME1;RAN;RAPGEF6;RBBP7;REXO2;RNASET2;RPL10;RPL11;RPL12;RPL13;RPL13A;RPL14;RPL17;RPL18;RPL18A;RPL19;RPL22;RPL22L1;RPL23;RPL23A;RPL24;RPL26;RPL27;RPL27A;RPL28;RPL3;RPL30;RPL31;RPL34;RPL35;RPL36;RPL37;RPL37A;RPL38;RPL39;RPL4;RPL41;RPL5;RPL6;RPL7;RPL7A;RPL9;RPLP0;RPLP2;RPS10;RPS11;RPS14;RPS15A;RPS16;RPS18;RPS19;RPS2;RPS21;RPS23;RPS25;RPS26;RPS27;RPS29;RPS3;RPS3A;RPS4X;RPS5;RPS6;RPS7;RPS8;RPS9;RPSA;S100A6;SET;SNHG8;SNRPG;SOD1;SUB1;TBCA;TGIF2;TKT;TM9SF2;TM9SF3;TMA7;TNFAIP8L2;TPM3;TPT1;TRMT112;TUBA1B;UBE2D3;UBE2L3;UBXN8;UQCRB;VDAC3;YBX1;YWHAE;ZBP1;ZNF296	ACTB;AKR1A1;BACH2;CD68;CLU;EEF1B2;EEF1G;HSPE1;IRF4;ISG15;KSR1;NPC2;NTAN1;PIM2;RPL10;RPL13;RPL13A;RPL17;RPL23A;RPL27A;RPL3;RPL30;RPL34;RPL41;RPL5;RPL7;RPL9;RPLP2;RPS10;RPS14;RPS18;RPS2;RPS23;RPS25;RPS26;RPS27;RPS3;RPS3A;RPS6;TBCA;TNFAIP8L2;TUBA1B;UBXN8
Immune::ZAK_PBMC_MRKAD5_HIV_1_GAG_POL_NEF_AGE_20_50YO_AD5_NAB_TITERS_GTE_200_VS_LTE_200_1DY_UP	119	31	7.288052805148491e-06	0.001260589600312971	119	31	term_score_27	ABCD2;ABLIM1;ACADSB;AGL;AHCTF1;AHNAK;APBA2;ARHGAP15;BCL2;BMI1;BNIP3;C12orf57;CAMK4;CCR7;CD27;CD3D;CD96;CDCA7L;CLEC2D;CRIPT;CRTAM;CSE1L;DENND4C;DLEU1;DLGAP1-AS1;DOCK9;DPH5;DPP4;EIF3E;EIF3L;ERGIC2;ETS1;FOXP1;FXR1;GCC2;GPR174;GTF2H3;GZMK;HLTF;HTATSF1;IGF1R;INPP4B;IP6K1;IPP;ITGA6;ITGB3BP;ITK;KLF12;KLHDC2;KLRB1;KLRD1;KLRK1;KPNA4;LDHB;LRIF1;LUC7L3;MAML2;MGAT4A;MPHOSPH9;MPRIP;MS4A1;N4BP2;NAA16;NAE1;NAP1L1;NDUFS5;NELL2;NPAT;NSA2;NUCB2;PDE3B;PNN;POLR1E;PPIL3;PRKACB;PSIP1;PTGDR;RASGRP1;RBL2;RCAN3;RNF125;RNF157;RORA;RPL15;RPL17;RPS13;SATB1;SESN1;SESN3;SFPQ;SH2D1A;SKAP1;SLC38A1;SLC4A7;TBC1D31;TC2N;THEMIS;TMEM204;TRABD2A;TRAV13-2;TRAV17;TRAV19;TRAV20;TRAV22;TRAV29DV5;TRAV3;TRAV8-2;TRBV19;TRBV27;TRBV4-2;TRGV3;TTC3;USP34;USP53;ZKSCAN8;ZNF143;ZNF506;ZNF770;ZNF84	ABLIM1;APBA2;BMI1;CCR7;CDCA7L;CRTAM;DLGAP1-AS1;ERGIC2;FOXP1;GTF2H3;IGF1R;KLRB1;KLRK1;MGAT4A;MS4A1;NAA16;NELL2;NPAT;PPIL3;RCAN3;RPL17;SATB1;SLC38A1;TC2N;TRABD2A;TRAV19;TRAV29DV5;TRAV8-2;TRBV4-2;TRGV3;TTC3
Immune::CAO_BLOOD_FLUMIST_AGE_05_14YO_CORRELATED_WITH_H3N2_VN_TITER_7DY_POSITIVE	9	7	7.405897777751404e-06	0.001260589600312971	9	7	term_score_28	GBP1;GBP5;IFIT1;IFIT3;IFITM3;OAS1;OAS2;OASL;RSAD2	GBP1;IFIT1;IFIT3;IFITM3;OAS1;OASL;RSAD2
Immune::GSE42088_UNINF_VS_LEISHMANIA_INF_DC_4H_DN	154	37	7.702684406838764e-06	0.0012806160656858214	154	37	term_score_29	ADD3;AKIRIN1;ARHGEF1;ARL4C;BAP1;BTF3;BTG1;BTG2;CAPN2;CCNG1;CCNL1;CD244;CD37;CD55;CD69;CD74;CHMP1B;CHST7;CIRBP;CLK3;CRBN;CXCR4;CYTIP;DDX3X;DNAJA2;DUSP1;EEF1D;EEF1G;EIF3E;EIF3F;EIF3H;EIF3L;EIF4B;ELF1;ELF4;ERP29;FAM53C;FAU;FOSB;GAB2;GABARAPL1;GBP2;HLA-DPB1;HLA-DQB1;HLA-DQB2;HLA-DRA;HLA-F;HMGB2;ICAM2;ICAM3;IFITM3;IFRD1;ILVBL;INPP5K;JUND;KLF10;KLF2;KLHDC4;MAP1LC3B;MAP2K3;MAP4K4;MTCH1;MTMR12;MTMR3;MXD3;MXI1;NACA;NLRP1;NR1H2;NR4A1;NR4A2;NTRK1;OASL;OSBPL7;OSM;OXA1L;PABPC4;PARP16;PCBP2;PMAIP1;PPCDC;PPP1R15A;PRKRIP1;PRNP;PTGER4;PTK2B;PTP4A1;PXN;RAP2B;RARA;RASGRP2;RBM38;RIN3;RNF2;RPL10;RPL11;RPL13;RPL13A;RPL18;RPL21;RPL22;RPL26;RPL27;RPL27A;RPL28;RPL30;RPL31;RPL32;RPL34;RPL35A;RPL37;RPL38;RPL39;RPL7;RPL8;RPLP1;RPLP2;RPS11;RPS13;RPS14;RPS15A;RPS16;RPS18;RPS19;RPS24;RPS29;RPS4X;RPS7;RPS8;RPS9;RSL24D1;S1PR4;SAP30BP;SCPEP1;SERP1;SF3A1;SIGIRR;SLC25A6;SNRK;SP100;SRSF3;SRSF5;STK10;STX11;TIPARP;TOE1;TOX4;TSC22D3;UBA52;USP19;USP7;YPEL5;ZNF394;ZXDC	ARHGEF1;BAP1;BTG1;BTG2;CD55;CD69;CXCR4;EEF1G;FOSB;HLA-DRA;HMGB2;IFITM3;IFRD1;ILVBL;JUND;NR4A2;OASL;PARP16;PMAIP1;PPCDC;PTP4A1;RASGRP2;RPL10;RPL13;RPL13A;RPL21;RPL27A;RPL30;RPL32;RPL34;RPL7;RPLP2;RPS14;RPS18;SCPEP1;USP7;YPEL5
GO_BP::GOBP_POSITIVE_REGULATION_OF_CYTOKINE_PRODUCTION	279	57	8.027255021318817e-06	0.0013042465033501868	279	57	term_score_30	ABL1;ADAM17;ADAM8;AFAP1L2;AGER;AGPAT1;AGPAT2;AIF1;AIM2;AKIRIN2;ANXA1;APPL1;ARFGEF2;ARHGEF2;ARID5A;ARNT;ATF2;ATF4;ATP6AP2;B2M;BATF;BCL10;BCL3;BMPR1A;BRCA1;BTN3A1;BTN3A2;C3AR1;CADM1;CAMK4;CARD11;CARD8;CASP1;CASP8;CCDC88B;CCL3;CCR2;CCR7;CD160;CD2;CD200;CD226;CD244;CD274;CD28;CD3E;CD46;CD55;CD58;CD6;CD74;CD80;CD81;CD83;CD84;CD86;CEBPB;CEBPG;CHUK;CLNK;CLU;CRTAM;CYBA;DDIT3;DDT;DDX1;DDX21;DDX3X;DENND1B;DHX33;DHX36;DHX58;DHX9;EGR1;EIF2AK2;EIF2AK3;F2R;FADD;FCER1G;FCGR3A;FGR;FLOT1;FOXP1;FRMD8;G3BP1;GAPDH;GATA3;GBP5;GLMN;GPSM3;GSDMD;HAVCR2;HDAC2;HEG1;HIF1A;HK1;HLA-A;HLA-DPA1;HLA-DPB1;HLA-E;HLA-F;HLA-G;HMGB1;HMGB2;HMOX1;HPSE;HRAS;HSP90AA1;HSPA1A;HSPA1B;HSPB1;HSPD1;IFI16;IFIH1;IFNG;IFNGR1;IKBKE;IL10;IL12RB1;IL12RB2;IL15;IL16;IL17RA;IL18R1;IL1RAP;IL27RA;IL4R;IL6R;IL6ST;IRAK1;IRF1;IRF3;IRF4;IRF5;IRF7;IRF8;ISG15;ITK;JAK2;KAT2A;KCNQ1OT1;KIR2DL4;KLRC4-KLRK1;KLRK1;KPNA6;LAMTOR5;LAPTM5;LGALS9;LILRB1;LTA;LTB;LY9;MALT1;MAP3K7;MAPK13;MAPK14;MAPK9;MAPKAPK2;MAVS;MBP;MCOLN2;MIF;MYB;MYD88;NAIP;NLRP1;NLRP2;NLRP3;NMB;NOD1;NOD2;NR4A3;OAS1;OAS2;OAS3;OSM;P2RX7;PANX1;PARK7;PDE4B;PDE4D;PELI1;PIBF1;PIK3CD;PIK3CG;PIK3R1;PLCG2;PNP;POLR3A;POLR3B;POLR3C;POLR3D;POLR3F;POU2AF1;POU2F2;PQBP1;PRKCQ;PRKCZ;PRKD2;PSEN1;PTGER4;PTPN11;PTPN22;PTPRC;PTPRJ;PYCARD;RAB1A;RAB2B;RAD21;RARA;RASGRP1;RELA;RFTN1;RGCC;RIOK3;RIPK1;RIPK2;RNF135;ROCK2;RORA;RPS3;RSAD2;RUNX1;SASH3;SCRIB;SEMA7A;SETD2;SETD4;SIRT1;SLAMF1;SLAMF6;SLC7A5;SMAD3;SOD1;SORL1;SPHK2;SPN;SPON2;SPTBN1;STAT1;STAT3;STAT5B;STOML2;SULF2;TANK;TBK1;TBX21;TGFB1;THBS1;TICAM1;TIGIT;TIRAP;TMED10;TMEM106A;TMF1;TNF;TNFRSF14;TNFSF4;TRAF2;TRAF3;TRAF3IP3;TRAF6;TRIM27;TRIM32;TRIM56;TRIM65;TUSC2;TXK;TYK2;TYROBP;XBP1;XCL1;XIAP;ZBTB20;ZBTB7B;ZC3HAV1;ZCCHC3;ZNF580;ZP3	AGER;ANXA1;B2M;BCL3;C3AR1;CADM1;CASP1;CCL3;CCR2;CCR7;CD160;CD200;CD274;CD55;CD80;CD81;CD84;CD86;CLU;CRTAM;DHX58;EGR1;FCGR3A;FOXP1;HMGB2;HSPA1A;HSPA1B;HSPB1;IFNG;IL10;IL15;IL4R;IRF4;IRF8;ISG15;KCNQ1OT1;KIR2DL4;KLRK1;LTB;MYB;NR4A3;OAS1;P2RX7;PIK3R1;PTPRC;RGCC;RNF135;RPS3;RSAD2;SORL1;SPON2;TNF;TXK;TYK2;XCL1;ZBTB20;ZC3HAV1
Immune::GSE16450_IMMATURE_VS_MATURE_NEURON_CELL_LINE_UP	161	38	9.08912041000563e-06	0.0013825132300240477	161	38	term_score_31	ABLIM1;ACCS;ACSS1;ADD3;AGO4;AK1;AKAP13;ANKRD36B;APBA2;APOL3;AQP3;ARHGDIB;ARHGEF18;ARL4C;ARRDC2;ATF7IP2;ATG14;ATM;ATXN7;ATXN7L1;B3GALT4;BBIP1;BCL11B;BTN3A1;C16orf54;CAPRIN2;CCNG2;CD52;CHKB;CNOT6L;CREBRF;CRTC3;CSNK1G2;CXCR4;CYTH1;DDX6;DENND6A;DPEP2;ENTPD4;EPHA4;FBXL20;FBXO32;FGD3;FOXO3;GLIPR1;GOLGB1;GPR18;GPR68;GRAP;GSAP;GSN;GSTK1;GZMK;HBP1;HECTD4;HERC1;HERPUD2;HSBP1L1;IDS;IFFO1;IFNAR2;IL10RA;IL7R;IPCEF1;ITFG2;ITGA6;KANSL1;KLF2;KLF3;KLRB1;LAPTM5;LEPROTL1;LYRM9;MAL;MALAT1;MAP3K1;MBP;MED13L;MICAL1;MLXIP;MPPE1;NDRG1;NF1;NKTR;NLRC3;NLRC5;NLRP1;NR1D2;NUDT7;OCEL1;OFD1;P2RY8;PAN3;PBX4;PBXIP1;PCED1A;PDCD4;PDCD4-AS1;PDK3;PHF21A;PIAS1;PIK3IP1;PIK3R1;PIK3R5;PINK1;PNRC1;POGZ;POU6F1;PPP3CA;PRKCQ;PRRC2B;RABGAP1L;RASA3;RASGRP1;RNF103;RNF166;SAP30L;SCML1;SCML4;SENP7;SERINC5;SETD1B;SH3BP5-AS1;SLC35D2;SLC9A9;SNN;SORL1;SPDYE1;SPOCK2;SPSB3;SSH2;ST3GAL5;STK17B;SUN2;SYNE2;SYTL2;TC2N;TECPR1;TLE4;TNRC6B;TRIM73;TSC1;TSC22D1;TSC22D3;TXNDC16;USP3;UTRN;VAMP1;VNN2;VPS13C;WHAMM;YPEL2;YPEL5;ZBTB20;ZBTB40;ZCCHC14;ZFP36L2;ZFYVE1;ZNF394;ZNF862;ZSCAN2	ABLIM1;APBA2;ARHGEF18;ARRDC2;ATM;ATXN7;CHKB;CNOT6L;CXCR4;DPEP2;EPHA4;FBXO32;IL7R;KANSL1;KLRB1;MALAT1;MPPE1;NF1;NR1D2;NUDT7;OCEL1;PDCD4;PIK3IP1;PIK3R1;POU6F1;SCML1;SERINC5;SLC9A9;SORL1;SSH2;STK17B;TC2N;TECPR1;TNRC6B;YPEL2;YPEL5;ZBTB20;ZFP36L2
Immune::GSE360_L_DONOVANI_VS_B_MALAYI_HIGH_DOSE_DC_UP	115	30	9.886414713158527e-06	0.001472457891341048	115	30	term_score_32	ACO1;ACOX1;ADAM19;AHR;AK4;AKR1B1;ALDH1B1;ANKRD46;AP3M2;ATP6AP1;B4GALT1;BCL2A1;BID;BRCA1;BTG1;BTG3;CACNB1;CACYBP;CADM1;CASP7;CCL3;CCL4;CD200;CD86;CDK2;CFLAR;COQ9;CST7;CYB5R3;DDIT4;DUSP5;DYNLT3;EIF2S1;ELK1;ENO2;ETS2;EXOC6B;EZH2;FSCN1;FXR2;GADD45B;GCDH;GM2A;GPR183;GSE1;H6PD;HOPX;IER3;IFI6;IL15RA;IRF4;IRF7;ISG15;IVNS1ABP;KCNA3;KDM5C;KIF2A;KLF6;KRT86;LAMP3;LDHA;LY75;MAP3K14;MARCKSL1;MLH1;MORC3;MSC;MT1F;MT2A;MX1;MYB;NBN;NEDD8;NFKB1;NFKBIA;NINJ1;NLRP3;NMI;NUDT3;P4HA1;PLIN2;PLK1;PLK3;PLXNA3;PLXNC1;PNRC1;PPP3CC;PTGER2;QSOX1;RBBP7;RDH11;RGS16;RHOQ;RNF19B;RPS6KB1;SELL;SLC11A2;SLC2A3;SLC39A8;SMYD5;STX11;TFPI;TIMP1;TNFAIP3;TRAF1;TRAF5;TRDMT1;TYMP;UGCG;UGP2;VCAM1;VRK2;ZBTB17;ZFP36L1;ZNF84	AK4;BID;BTG1;CACYBP;CADM1;CCL3;CCL4;CD200;CD86;COQ9;EIF2S1;GM2A;GPR183;HOPX;IFI6;IRF4;ISG15;KRT86;LAMP3;MT2A;MX1;MYB;PLIN2;PLK1;PLK3;PTGER2;SELL;SLC11A2;VCAM1;ZBTB17
Immune::GSE22140_GERMFREE_VS_SPF_ARTHRITIC_MOUSE_CD4_TCELL_UP	133	33	1.1493947562525723e-05	0.0016434046224899277	133	33	term_score_33	ABCE1;ADCY3;ADD1;ADH5;AIMP2;APLP2;APOBEC3C;ATP6AP1;ATP8B3;BEST1;BID;BLVRA;BLZF1;CAPN2;CARM1;CCNC;CCNE2;CCT2;CD59;CD99;CEBPZ;CPQ;CTSK;DEGS1;DHX30;DMXL1;DNAJB9;DNASE1L1;EIF2S1;ELK3;ELL2;ERGIC3;EZH2;FARP1;FSCN1;GABPB1;GADD45B;GCLM;GPS2;GTF2H3;HIP1;HNRNPAB;HPCAL1;IBTK;IFI44;IFI44L;IFIT1;IFIT2;IFIT3;IFIT5;IFITM2;IKZF1;IL7R;IPO7;IRF1;IRF7;IRF9;ISG15;ITGA6;ITSN1;LETMD1;LIG4;MAGED1;MAP3K1;MAPK13;MAT2A;MPP1;MTFR1;MTSS1;MX1;MX2;MYO1E;MYO7A;NCK2;NISCH;NOP16;NOP56;NUCB2;NUP188;NUP50;OAS1;OAS2;OASL;ORC3;PDXDC1;PHLDB1;PHYH;PIBF1;PIM2;PLD3;PLEK;PLIN2;PML;POP1;POU2F2;PPP3CA;RAB35;RAB5C;RAP2C;RERE;RPL15;RPS6KA2;RSAD2;RTCB;S1PR1;SAR1A;SCAMP1;SEC23IP;SH3GL1;SNRNP35;SQSTM1;SRP72;STX4;SYNJ2;TACC1;TCF12;TFPI;THBS1;TMF1;TNFSF10;TPM1;TRIM27;TSPAN4;TUBB4A;UBAP2L;USP9Y;VASP;WDR1;XAF1;XPO6;ZBTB39;ZC3HAV1;ZNF101	BID;CPQ;EIF2S1;ELL2;FARP1;GABPB1;GTF2H3;IFI44;IFI44L;IFIT1;IFIT2;IFIT3;IL7R;IPO7;ISG15;ITSN1;MPP1;MX1;MYO1E;NOP16;OAS1;OASL;PIM2;PLIN2;RPS6KA2;RSAD2;S1PR1;TNFSF10;USP9Y;VASP;XAF1;ZBTB39;ZC3HAV1
GO_BP::GOBP_LEUKOCYTE_ACTIVATION_INVOLVED_IN_INFLAMMATORY_RESPONSE	23	11	1.5459864151377614e-05	0.0021671091925136972	23	11	term_score_34	AGER;AIF1;ATM;CCL3;CLU;CST7;CTSC;CX3CR1;GRN;IFNG;IFNGR1;IFNGR2;ITGAM;ITGB2;JAK2;LDLR;MYD88;NR1D1;PTPRC;SYT11;TNF;TRAF3IP2;TYROBP	AGER;ATM;CCL3;CLU;CX3CR1;IFNG;IFNGR2;ITGAM;LDLR;PTPRC;TNF
GO_BP::GOBP_REGULATION_OF_CELL_ACTIVATION	386	72	1.598861742734595e-05	0.002198127422848004	386	72	term_score_35	ABL1;ABL2;ACTA2;ACTB;ACTL6A;ADA;ADAM8;ADORA2A;AGER;AHR;AIF1;AKIRIN2;AKT1;AMBRA1;ANXA1;AP1G1;AP3B1;AP3D1;ARG2;ARID1A;ARID1B;ARID2;ATAD5;ATM;B2M;BAD;BATF;BCL10;BCL2;BCL6;BCR;BID;BLOC1S3;BLOC1S6;BMI1;BRAF;BRD7;BTN2A2;C12orf4;CAMK4;CAPN3;CARD11;CASP3;CAV1;CBFB;CBLB;CCDC88B;CCL3;CCL5;CCR2;CCR7;CD160;CD2;CD200;CD226;CD27;CD274;CD28;CD300A;CD320;CD38;CD3E;CD46;CD47;CD5;CD55;CD6;CD70;CD74;CD80;CD81;CD83;CD84;CD86;CD9;CDKN1A;CEBPB;CLCF1;CLNK;CLPTM1;CORO1A;CRTAM;CSK;CST7;CTLA4;CTNNB1;CTSC;DCAF15;DHPS;DLG1;DNAJA3;DOCK8;DPP4;DROSHA;DUSP10;DUSP22;DUSP3;EGR3;EMILIN2;EXOSC3;EXOSC6;F11R;FADD;FANCA;FANCD2;FBXO7;FCER1G;FCGR3A;FCHO1;FCRL3;FER;FGL2;FGR;FLNA;FLOT2;FOXO3;FUNDC2;FYN;GAB2;GATA3;GCLC;GLMN;GNAQ;GPAM;GPR137B;GPR183;GRN;HAVCR1;HAVCR2;HLA-A;HLA-DMA;HLA-DMB;HLA-DOA;HLA-DPA1;HLA-DPB1;HLA-DQA1;HLA-DQA2;HLA-DQB1;HLA-DQB2;HLA-DRA;HLA-DRB1;HLA-DRB5;HLA-E;HLA-F;HLA-G;HMCES;HMGB1;HSPD1;HSPH1;ICOS;ID2;IFNG;IKZF3;IL10;IL12RB1;IL15;IL15RA;IL27RA;IL2RA;IL2RG;IL4R;IL6ST;IL7R;INPP5D;IRF1;IRF4;IRS2;ITCH;ITGAM;ITGB2;ITPKB;JAK2;JAK3;JUNB;KAT2A;KAT5;KLHL25;KLRC1;KLRC2;KLRC3;KLRC4-KLRK1;KLRD1;KLRK1;LAG3;LAMP1;LAPTM5;LAT;LAX1;LCK;LDLR;LEF1;LGALS1;LGALS3;LGALS9;LGALS9C;LILRB1;LMO4;LOXL3;LST1;LYN;MAD1L1;MAD2L2;MALT1;MAP3K8;METTL3;MFHAS1;MICA;MIF;MLH1;MSH2;MTOR;MYB;MYD88;MYO18A;MZB1;NCK1;NCK2;NCKAP1L;NDFIP1;NEDD9;NFATC2;NFKBID;NFKBIZ;NKAP;NLRP3;NOD2;NR1D1;NR4A3;PAG1;PARP3;PAXIP1;PBRM1;PCID2;PDE5A;PDGFA;PDPK1;PELI1;PHF10;PIBF1;PIK3CA;PJA2;PKN1;PLEK;PLSCR1;PMS2;PNP;PPP2R3C;PPP3CA;PRDM1;PRDX2;PRELID1;PRKAR1A;PRKCA;PRKCD;PRKCQ;PRKCZ;PRKDC;PRNP;PTPN11;PTPN2;PTPN22;PTPN6;PTPRC;PYCARD;RABGEF1;RAC2;RARA;RASAL3;RASGRP1;RASSF5;RC3H1;RC3H2;RHBDD3;RHOA;RHOH;RIF1;RIPK2;RIPK3;RNF41;RORA;RPS3;RPS6KA1;RUNX1;RUNX3;SAMSN1;SART1;SASH3;SCRIB;SDC4;SH2B3;SH3KBP1;SHPK;SIRPB1;SIRPG;SIT1;SLAMF1;SLAMF8;SLC15A4;SLC39A10;SLC4A2;SLC7A1;SMAD7;SMARCA2;SMARCA4;SMARCB1;SMARCC1;SMARCC2;SMARCD1;SMARCD2;SMARCE1;SNX4;SOCS1;SOCS5;SOD1;SOS1;SOS2;SOX4;SPHK2;SPN;STAT5B;STAT6;STX4;STXBP2;SUPT6H;SYT11;TBC1D10C;TBX21;TCF7;TESPA1;TFRC;TGFB1;TGFBR2;THBS1;THEMIS2;THOC1;TICAM1;TIGIT;TIRAP;TNF;TNFAIP3;TNFAIP8L2;TNFRSF14;TNFRSF1B;TNFRSF4;TNFRSF9;TNFSF13B;TNFSF14;TNFSF4;TNFSF8;TNFSF9;TNIP2;TOX;TP53BP1;TRAF6;TREX1;TSPAN32;TWSG1;TXK;TYK2;TYROBP;UBASH3B;UNC13D;VAMP7;VAMP8;VAV1;VAV3;VCAM1;VPS33B;WNT10B;XBP1;XCL1;XRCC6;YES1;ZAP70;ZBTB1;ZBTB46;ZBTB7B;ZC3H12A;ZC3H8;ZEB1;ZFP36L1;ZFP36L2;ZMIZ1;ZNF335;ZNF683;ZP3	ACTB;ACTL6A;AGER;ANXA1;ATM;B2M;BID;BMI1;CAV1;CCL3;CCR2;CCR7;CD160;CD200;CD274;CD55;CD80;CD81;CD84;CD86;CRTAM;CTLA4;DHPS;DNAJA3;DOCK8;FANCA;FANCD2;FCGR3A;FCRL3;GNAQ;GPR183;HAVCR1;HLA-DQA1;HLA-DRA;HSPH1;ICOS;IFNG;IL10;IL15;IL4R;IL7R;IRF4;ITGAM;JUNB;KLRC1;KLRC2;KLRK1;LDLR;LEF1;LGALS1;LGALS9C;LOXL3;MAD1L1;MYB;NR4A3;PTPN2;PTPRC;RHBDD3;RPS3;SLAMF8;TCF7;TNF;TNFAIP8L2;TNFRSF4;TNFRSF9;TREX1;TXK;TYK2;VCAM1;XCL1;ZFP36L2;ZNF683
GO_BP::GOBP_HUMORAL_IMMUNE_RESPONSE	65	20	2.2765349603222937e-05	0.002959611435753717	65	20	term_score_36	A2M;BCL2;BCL3;BMI1;C1QBP;C1R;C1RL;CCR2;CCR7;CD28;CD46;CD55;CD59;CD81;CD83;CLU;CXCL13;EXO1;FAM3A;FAU;GAPDH;GATA3;GNLY;GPI;GPR183;HLA-A;HLA-DQB1;HLA-DRB1;HLA-E;HMGN2;IFNG;IGHG1;IGHM;LEAP2;LTA;LYZ;MS4A1;NCR3LG1;NOD2;NOTCH1;NOTCH2;PDCD1;PHB2;PLA2G6;POU2AF1;POU2F2;PPP2R3C;PSMB10;PTPN6;PTPRC;RBPJ;RGCC;ROMO1;RPL30;RPL39;RPS19;SH2D1A;SPON2;ST6GAL1;TFE3;TFEB;TNF;TRAF3IP2;YTHDF2;ZP3	BCL3;BMI1;C1R;CCR2;CCR7;CD55;CD81;CLU;CXCL13;GNLY;GPR183;IFNG;IGHG1;MS4A1;PLA2G6;PTPRC;RGCC;RPL30;SPON2;TNF
Immune::GSE40274_CTRL_VS_EOS_TRANSDUCED_ACTIVATED_CD4_TCELL_DN	97	26	2.2769426348643786e-05	0.002959611435753717	97	26	term_score_37	ABCD2;ACTN1;AIM2;ATXN7L1;BACH2;BANP;BTLA;CAPN15;CBX7;CCR7;CD2AP;CD5;CD9;CHD3;CLIC3;CRTAM;CXCR5;DGKA;EEF1G;EGR2;EVL;FANCL;FCHSD2;FOXP1;GAR1;GPATCH4;GPR183;GRWD1;GYS1;IFI16;IL6R;IL6ST;IL7R;INPP4B;KRBA1;LITAF;LTB;MDN1;MIF;MPP7;MYB;MYC;NCF1;NET1;NFKBIA;NPM1;P2RX7;PDK1;PLEKHA1;PLXND1;PNPO;POLR3E;POU2AF1;POU6F1;PPRC1;PQBP1;PRMT3;RAB3IP;RAI1;RBBP6;RBM19;REL;RGS10;RNF213;RPL18;RPL36A;RTP4;SELL;SGK3;SH2B3;SH3BP5;SIK1;SLAMF6;SLC12A2;SLC35A1;SLC43A1;SMAD5;SMAGP;SPINT2;SRSF6;SSBP2;STRBP;TCF7;TET3;TMEM42;TNF;TNFRSF25;TNFSF8;TOX;TRIM34;TSPAN3;TWSG1;VAV3;VWA5A;WDSUB1;XCL1;ZNRF1	BACH2;BTLA;CAPN15;CCR7;CRTAM;CXCR5;DGKA;EEF1G;EGR2;FANCL;FOXP1;GPR183;IL7R;LTB;MPP7;MYB;P2RX7;PLXND1;POU6F1;SELL;SIK1;SMAD5;SPINT2;TCF7;TNF;XCL1
Immune::FRANCO_BLOOD_SANOFI_PASTEUR_SA_INACTIVATED_INFLUENZA_VACCINE_CORRELATED_WITH_ANTIBODY_RESPONSE_AGE_18_40YO_1DY_POSITIVE	103	27	2.4693289617141656e-05	0.0031017707784519125	103	27	term_score_38	ACOT9;AIM2;APOL3;ATF3;ATF5;BLVRA;C1GALT1C1;C3AR1;CASP1;CASP4;CCR1;CD300A;CD74;CMPK2;CREG1;CUL1;DDX60;DHX58;DRAP1;DYNLT1;EIF2AK2;EPSTI1;FBXO6;FCER1G;FGL2;GBP1;GBP2;GBP4;GBP5;GCH1;HELZ2;HERC6;IFI16;IFI30;IFI35;IFI44;IFI44L;IFI6;IFIH1;IFIT1;IFIT3;IFITM1;IL15;IRF7;ISG15;ISG20;JAK2;LAMP3;LAP3;LPGAT1;LY6E;LYSMD2;MLKL;MOV10;MT2A;MX1;MX2;NCOA7;OAS1;OAS2;OAS3;OASL;OTOF;PANK2;PARP10;PARP12;PARP14;PARP9;PHF11;PLSCR1;PPCDC;PSMB9;PSME1;RIPK2;RPAP3;RPS6KC1;RSAD2;SAT1;SBNO2;SCARB2;SCO2;SP110;SP140;STAT1;STAT2;STX11;TAP1;TDRD7;TMEM123;TMEM208;TNFSF13B;TOR1A;TRAFD1;TRIM22;TRIM5;TRIM56;TYMP;UBE2L6;XAF1;ZBP1;ZC3HAV1;ZNF684;ZNFX1	ATF3;C3AR1;CASP1;DHX58;GBP1;IFI44;IFI44L;IFI6;IFIT1;IFIT3;IL15;ISG15;LAMP3;MOV10;MT2A;MX1;NCOA7;OAS1;OASL;PARP12;PPCDC;RSAD2;SAT1;TMEM208;XAF1;ZC3HAV1;ZNF684
Immune::GSE2770_IL12_AND_TGFB_VS_IL4_TREATED_ACT_CD4_TCELL_6H_DN	66	20	2.9195059184864713e-05	0.003450777782947825	66	20	term_score_39	ACSF2;ANK3;ANKRD13D;ANKS1B;ARHGEF2;ARSB;BATF;BBS2;CASP4;CCL4;CCNL1;CCR2;CD248;COA4;CPNE2;DGKH;DYM;ENGASE;FRG1;FUZ;GCHFR;GLDC;GSTO2;GTSF1;HCST;HOPX;HOXC4;IFNG;IL6R;IL6ST;KLRK1;LCP1;MAN2B1;MGAT4B;MPHOSPH9;MS4A1;MVD;MYADM;MYO7A;NOL6;NT5DC3;PLD2;PLEKHG3;POU6F1;PRKCE;RAB3D;RAB3GAP2;RGS1;SLC16A13;SLC16A7;SLC27A5;SLFNL1;SNRPN;SPRTN;STK25;SYCP2;TBX21;TCEA2;TMEM127;TOMM40L;TOR1AIP1;TTC39B;TUBB6;WDR26;ZNF169;ZNF2	ACSF2;ANK3;CCL4;CCR2;CD248;GCHFR;GTSF1;HOPX;IFNG;KLRK1;MAN2B1;MGAT4B;MS4A1;PLEKHG3;POU6F1;PRKCE;RGS1;STK25;TOMM40L;ZNF2
